date,total_revenue,total_cogs,total_orders,total_returns,total_sessions,total_pageviews,daily_ad_spend,daily_new_leads,gross_margin_pct,conversion_rate,cac,return_rate
2024-01-01,33560.0,19680,54,3,9792,26914,658.4357142857142,16.571428571428573,0.4135876042908224,0.0055147058823529415,39.7331896551724,0.05555555555555555
2024-01-02,38000.0,22630,48,10,9500,26037,658.4357142857142,16.571428571428573,0.4044736842105263,0.0050526315789473685,39.7331896551724,0.20833333333333334
2024-01-03,34170.0,20610,45,5,9856,26690,658.4357142857142,16.571428571428573,0.3968393327480246,0.004565746753246753,39.7331896551724,0.1111111111111111
2024-01-04,39960.0,23820,52,7,9627,26276,658.4357142857142,16.571428571428573,0.4039039039039039,0.005401475018178041,39.7331896551724,0.1346153846153846
2024-01-05,26450.0,15400,45,2,9099,25200,658.4357142857142,16.571428571428573,0.41776937618147447,0.004945598417408506,39.7331896551724,0.044444444444444446
2024-01-06,27800.0,16520,44,5,9548,26173,658.4357142857142,16.571428571428573,0.40575539568345326,0.004608294930875576,39.7331896551724,0.11363636363636363
2024-01-07,16880.0,10050,27,3,9231,25693,658.4357142857142,16.571428571428573,0.4046208530805687,0.0029249268768280793,39.7331896551724,0.1111111111111111
2024-01-08,26410.0,15520,41,3,9145,25643,351.1385714285715,12.428571428571429,0.41234380916319574,0.00448332422088573,28.252528735632186,0.07317073170731707
2024-01-09,40470.0,24260,52,1,9596,25684,351.1385714285715,12.428571428571429,0.40054361255250803,0.005418924551896623,28.252528735632186,0.019230769230769232
2024-01-10,26870.0,15860,42,3,9642,28252,351.1385714285715,12.428571428571429,0.4097506512839598,0.0043559427504667085,28.252528735632186,0.07142857142857142
2024-01-11,38830.0,23080,53,8,9601,27272,351.1385714285715,12.428571428571429,0.4056142158125161,0.005520258306426414,28.252528735632186,0.1509433962264151
2024-01-12,20240.0,12120,28,5,9459,24655,351.1385714285715,12.428571428571429,0.40118577075098816,0.0029601437784120945,28.252528735632186,0.17857142857142858
2024-01-13,30530.0,17760,54,3,9512,25741,351.1385714285715,12.428571428571429,0.4182771044873895,0.0056770395290159795,28.252528735632186,0.05555555555555555
2024-01-14,44510.0,26580,59,5,9519,26368,351.1385714285715,12.428571428571429,0.40283082453381264,0.006198130055678117,28.252528735632186,0.0847457627118644
2024-01-15,39590.0,23610,52,2,9427,24845,470.63142857142856,27.142857142857142,0.40363728214195504,0.0055160708602948975,17.339052631578948,0.038461538461538464
2024-01-16,24060.0,13920,46,5,9267,26097,470.63142857142856,27.142857142857142,0.42144638403990026,0.004963850221215064,17.339052631578948,0.10869565217391304
2024-01-17,24610.0,14650,30,2,9489,25614,470.63142857142856,27.142857142857142,0.4047135310849248,0.003161555485298767,17.339052631578948,0.06666666666666667
2024-01-18,57260.0,34490,66,3,9413,25560,470.63142857142856,27.142857142857142,0.3976597974152986,0.007011579730160416,17.339052631578948,0.045454545454545456
2024-01-19,31760.0,19060,42,2,9594,27348,470.63142857142856,27.142857142857142,0.3998740554156171,0.004377736085053158,17.339052631578948,0.047619047619047616
2024-01-20,28760.0,16880,43,4,9416,25240,470.63142857142856,27.142857142857142,0.41307371349095967,0.004566694987255735,17.339052631578948,0.09302325581395349
2024-01-21,45010.0,26750,59,1,9559,26127,470.63142857142856,27.142857142857142,0.4056876249722284,0.0061721937441154935,17.339052631578948,0.01694915254237288
2024-01-22,36200.0,21510,46,3,9620,26131,776.4428571428572,21.142857142857142,0.4058011049723757,0.004781704781704782,36.72364864864865,0.06521739130434782
2024-01-23,32390.0,19030,51,2,9529,25287,776.4428571428572,21.142857142857142,0.4124729854893486,0.005352083114702487,36.72364864864865,0.0392156862745098
2024-01-24,39690.0,23980,44,6,9473,24640,776.4428571428572,21.142857142857142,0.3958175862937768,0.004644779900770611,36.72364864864865,0.13636363636363635
2024-01-25,31000.0,18340,48,2,9573,25758,776.4428571428572,21.142857142857142,0.40838709677419355,0.005014102162331557,36.72364864864865,0.041666666666666664
2024-01-26,31970.0,18930,51,3,9589,25919,776.4428571428572,21.142857142857142,0.4078823897403816,0.005318594222546668,36.72364864864865,0.058823529411764705
2024-01-27,35790.0,21290,51,3,9355,25056,776.4428571428572,21.142857142857142,0.40514110086616373,0.005451630144307857,36.72364864864865,0.058823529411764705
2024-01-28,34860.0,20830,47,2,9420,25564,776.4428571428572,21.142857142857142,0.4024670109007458,0.004989384288747346,36.72364864864865,0.0425531914893617
2024-01-29,52230.0,31470,66,6,9261,25492,419.53999999999996,15.857142857142858,0.3974727168294084,0.007126660187884677,26.457477477477475,0.09090909090909091
2024-01-30,30710.0,18020,48,2,9635,26841,419.53999999999996,15.857142857142858,0.41322044936502766,0.004981837052413078,26.457477477477475,0.041666666666666664
2024-01-31,28790.0,17150,43,4,9953,28026,419.53999999999996,15.857142857142858,0.40430705105939563,0.0043203054355470715,26.457477477477475,0.09302325581395349
2024-02-01,26580.0,15860,35,1,9462,24737,419.53999999999996,15.857142857142858,0.4033107599699022,0.003699006552525893,26.457477477477475,0.02857142857142857
2024-02-02,25080.0,14990,35,7,9813,27869,419.53999999999996,15.857142857142858,0.40231259968102073,0.003566697238357281,26.457477477477475,0.2
2024-02-03,38310.0,23000,51,5,9384,24582,419.53999999999996,15.857142857142858,0.39963456016705823,0.005434782608695652,26.457477477477475,0.09803921568627451
2024-02-04,36970.0,22020,47,3,9344,24681,419.53999999999996,15.857142857142858,0.4043819312956451,0.005029965753424658,26.457477477477475,0.06382978723404255
2024-02-05,35220.0,21080,46,2,9347,25707,513.3614285714286,35.142857142857146,0.40147643384440657,0.004921365143896438,14.607845528455284,0.043478260869565216
2024-02-06,22390.0,13260,38,1,9470,25568,513.3614285714286,35.142857142857146,0.40777132648503794,0.004012671594508976,14.607845528455284,0.02631578947368421
2024-02-07,43370.0,26220,50,3,9390,25142,513.3614285714286,35.142857142857146,0.39543463223426334,0.005324813631522897,14.607845528455284,0.06
2024-02-08,36690.0,22120,49,3,9742,26235,513.3614285714286,35.142857142857146,0.3971109294085582,0.005029768014781359,14.607845528455284,0.061224489795918366
2024-02-09,44700.0,26450,62,6,9311,26929,513.3614285714286,35.142857142857146,0.4082774049217002,0.006658790677693051,14.607845528455284,0.0967741935483871
2024-02-10,16510.0,9470,34,2,9647,26849,513.3614285714286,35.142857142857146,0.42640823743185946,0.0035244117342178916,14.607845528455284,0.058823529411764705
2024-02-11,52090.0,31060,78,7,9691,26102,513.3614285714286,35.142857142857146,0.40372432328661934,0.008048704984005778,14.607845528455284,0.08974358974358974
2024-02-12,52880.0,31260,77,2,9281,24731,651.2028571428572,21.857142857142858,0.4088502269288956,0.008296519771576338,29.793594771241832,0.025974025974025976
2024-02-13,48030.0,28930,58,6,9726,25929,651.2028571428572,21.857142857142858,0.39766812408911095,0.005963397079991775,29.793594771241832,0.10344827586206896
2024-02-14,39210.0,23360,58,6,9422,26157,651.2028571428572,21.857142857142858,0.40423361387401174,0.006155805561451921,29.793594771241832,0.10344827586206896
2024-02-15,16420.0,9370,32,2,9648,26241,651.2028571428572,21.857142857142858,0.42935444579780757,0.003316749585406302,29.793594771241832,0.0625
2024-02-16,36630.0,21590,61,5,9202,24738,651.2028571428572,21.857142857142858,0.4105924105924106,0.0066289936970223865,29.793594771241832,0.08196721311475409
2024-02-17,44400.0,26830,53,4,9526,26162,651.2028571428572,21.857142857142858,0.39572072072072073,0.0055637203443208065,29.793594771241832,0.07547169811320754
2024-02-18,33300.0,19690,53,6,9492,25360,651.2028571428572,21.857142857142858,0.40870870870870873,0.005583649388959123,29.793594771241832,0.11320754716981132
2024-02-19,37680.0,22320,54,4,9880,26041,603.6814285714285,33.142857142857146,0.40764331210191085,0.005465587044534413,18.21452586206896,0.07407407407407407
2024-02-20,34770.0,20940,50,3,9521,26742,603.6814285714285,33.142857142857146,0.39775668679896464,0.0052515492070160695,18.21452586206896,0.06
2024-02-21,22160.0,13050,35,3,9831,27419,603.6814285714285,33.142857142857146,0.411101083032491,0.0035601668192452446,18.21452586206896,0.08571428571428572
2024-02-22,30780.0,17890,51,4,9878,26131,603.6814285714285,33.142857142857146,0.4187784275503574,0.005162988459202268,18.21452586206896,0.0784313725490196
2024-02-23,35160.0,20450,59,5,9565,25861,603.6814285714285,33.142857142857146,0.4183731513083049,0.006168322007318349,18.21452586206896,0.0847457627118644
2024-02-24,31620.0,18880,45,5,9725,27445,603.6814285714285,33.142857142857146,0.40290955091714103,0.004627249357326478,18.21452586206896,0.1111111111111111
2024-02-25,47130.0,28320,52,3,9591,26283,603.6814285714285,33.142857142857146,0.39910884786760026,0.005421749556876238,18.21452586206896,0.057692307692307696
2024-02-26,34570.0,20780,36,3,9593,26894,600.4942857142858,23.428571428571427,0.3989007810240093,0.0037527363702699887,25.630853658536587,0.08333333333333333
2024-02-27,55920.0,33730,67,7,9621,26130,600.4942857142858,23.428571428571427,0.3968168812589413,0.006963933063091155,25.630853658536587,0.1044776119402985
2024-02-28,40090.0,23530,57,2,9517,25609,600.4942857142858,23.428571428571427,0.4130705911698678,0.005989282336870863,25.630853658536587,0.03508771929824561
2024-02-29,31950.0,19130,36,5,9574,27184,600.4942857142858,23.428571428571427,0.40125195618153364,0.003760183831209526,25.630853658536587,0.1388888888888889
2024-03-01,21040.0,12170,38,3,9721,25635,600.4942857142858,23.428571428571427,0.4215779467680608,0.003909062853615883,25.630853658536587,0.07894736842105263
2024-03-02,41060.0,24080,61,5,9625,27374,600.4942857142858,23.428571428571427,0.41354115927910373,0.006337662337662337,25.630853658536587,0.08196721311475409
2024-03-03,27240.0,16280,38,2,9282,25818,600.4942857142858,23.428571428571427,0.4023494860499266,0.004093945270415859,25.630853658536587,0.05263157894736842
2024-03-04,49590.0,29760,60,4,9167,25615,629.7914285714287,18.0,0.3998790078644888,0.006545216537580452,34.9884126984127,0.06666666666666667
2024-03-05,36230.0,21940,39,5,9720,27117,629.7914285714287,18.0,0.3944245100745239,0.004012345679012346,34.9884126984127,0.1282051282051282
2024-03-06,28670.0,16820,46,4,9724,26679,629.7914285714287,18.0,0.4133240320892919,0.004730563554092966,34.9884126984127,0.08695652173913043
2024-03-07,46960.0,28410,52,3,9600,25808,629.7914285714287,18.0,0.39501703577512776,0.005416666666666667,34.9884126984127,0.057692307692307696
2024-03-08,49790.0,29950,61,6,9180,24745,629.7914285714287,18.0,0.3984735890741113,0.006644880174291939,34.9884126984127,0.09836065573770492
2024-03-09,24380.0,14720,30,6,9674,26244,629.7914285714287,18.0,0.39622641509433965,0.0031010957204879058,34.9884126984127,0.2
2024-03-10,25410.0,14890,40,2,9812,26938,629.7914285714287,18.0,0.41401023219205035,0.0040766408479412965,34.9884126984127,0.05
2024-03-11,15890.0,9370,28,2,9515,26346,456.4114285714286,10.857142857142858,0.41032095657646317,0.0029427220178665264,42.037894736842105,0.07142857142857142
2024-03-12,24290.0,14070,51,5,9608,26587,456.4114285714286,10.857142857142858,0.4207492795389049,0.0053080766028309745,42.037894736842105,0.09803921568627451
2024-03-13,36480.0,21890,43,7,9632,25614,456.4114285714286,10.857142857142858,0.3999451754385965,0.004464285714285714,42.037894736842105,0.16279069767441862
2024-03-14,40250.0,24010,60,6,9542,25729,456.4114285714286,10.857142857142858,0.40347826086956523,0.006287989939216097,42.037894736842105,0.1
2024-03-15,37930.0,22880,45,2,10000,26885,456.4114285714286,10.857142857142858,0.3967835486422357,0.0045,42.037894736842105,0.044444444444444446
2024-03-16,47560.0,28550,55,8,9696,27320,456.4114285714286,10.857142857142858,0.3997056349873844,0.0056724422442244226,42.037894736842105,0.14545454545454545
2024-03-17,39750.0,23280,57,8,9424,25931,456.4114285714286,10.857142857142858,0.4143396226415094,0.006048387096774193,42.037894736842105,0.14035087719298245
2024-03-18,41600.0,24950,55,3,9994,27942,436.9214285714285,16.857142857142858,0.40024038461538464,0.005503301981188713,25.919067796610165,0.05454545454545454
2024-03-19,36240.0,21530,50,2,9608,27974,436.9214285714285,16.857142857142858,0.40590507726269315,0.005203996669442132,25.919067796610165,0.04
2024-03-20,36340.0,22140,40,6,9550,25767,436.9214285714285,16.857142857142858,0.3907539900935608,0.004188481675392671,25.919067796610165,0.15
2024-03-21,35150.0,21030,48,6,9448,26586,436.9214285714285,16.857142857142858,0.40170697012802276,0.005080440304826418,25.919067796610165,0.125
2024-03-22,41130.0,24730,46,3,9683,26180,436.9214285714285,16.857142857142858,0.3987357160223681,0.004750593824228029,25.919067796610165,0.06521739130434782
2024-03-23,34160.0,20250,49,3,9390,25222,436.9214285714285,16.857142857142858,0.4072014051522248,0.005218317358892438,25.919067796610165,0.061224489795918366
2024-03-24,41380.0,24580,52,4,9720,26964,436.9214285714285,16.857142857142858,0.4059932334461092,0.005349794238683128,25.919067796610165,0.07692307692307693
2024-03-25,28220.0,16470,49,4,9569,26660,401.86571428571426,16.857142857142858,0.4163713678242381,0.005120702267739576,23.83949152542373,0.08163265306122448
2024-03-26,34260.0,19920,59,6,9523,26910,401.86571428571426,16.857142857142858,0.4185639229422067,0.00619552661976268,23.83949152542373,0.1016949152542373
2024-03-27,27100.0,15760,47,6,9313,26962,401.86571428571426,16.857142857142858,0.418450184501845,0.005046708901535488,23.83949152542373,0.1276595744680851
2024-03-28,45010.0,27200,46,5,9704,27102,401.86571428571426,16.857142857142858,0.39568984670073315,0.004740313272877164,23.83949152542373,0.10869565217391304
2024-03-29,33960.0,20200,43,0,9631,26403,401.86571428571426,16.857142857142858,0.40518256772673733,0.00446474924722251,23.83949152542373,0.0
2024-03-30,26910.0,15960,42,2,9611,27881,401.86571428571426,16.857142857142858,0.4069119286510591,0.004369992716678805,23.83949152542373,0.047619047619047616
2024-03-31,53340.0,31790,71,8,9530,25544,401.86571428571426,16.857142857142858,0.4040119985001875,0.0074501573976915,23.83949152542373,0.11267605633802817
2024-04-01,25900.0,15310,41,2,9540,26213,441.3957142857143,13.428571428571429,0.4088803088803089,0.004297693920335429,32.869893617021276,0.04878048780487805
2024-04-02,46010.0,27430,58,6,9262,26239,441.3957142857143,13.428571428571429,0.4038252553792654,0.006262146404664219,32.869893617021276,0.10344827586206896
2024-04-03,31810.0,19150,40,7,9535,26367,441.3957142857143,13.428571428571429,0.3979880540710468,0.004195070791819612,32.869893617021276,0.175
2024-04-04,38510.0,22720,64,3,9217,24558,441.3957142857143,13.428571428571429,0.4100233705531031,0.006943691005750244,32.869893617021276,0.046875
2024-04-05,24470.0,14680,35,4,9129,25269,441.3957142857143,13.428571428571429,0.40008173273395997,0.0038339358089604556,32.869893617021276,0.11428571428571428
2024-04-06,22290.0,13050,37,3,9143,25446,441.3957142857143,13.428571428571429,0.414535666218035,0.004046811768566116,32.869893617021276,0.08108108108108109
2024-04-07,25630.0,15090,39,4,9327,24840,441.3957142857143,13.428571428571429,0.4112368318376902,0.0041814088131231905,32.869893617021276,0.10256410256410256
2024-04-08,40240.0,23740,47,10,9557,26817,481.2485714285714,18.285714285714285,0.4100397614314115,0.004917861253531443,26.31828125,0.2127659574468085
2024-04-09,21310.0,12430,42,6,9757,27885,481.2485714285714,18.285714285714285,0.41670577193805725,0.004304601824331249,26.31828125,0.14285714285714285
2024-04-10,28080.0,16470,42,4,9248,24501,481.2485714285714,18.285714285714285,0.41346153846153844,0.004541522491349481,26.31828125,0.09523809523809523
2024-04-11,30880.0,17830,56,6,9736,26862,481.2485714285714,18.285714285714285,0.4226036269430052,0.005751848808545604,26.31828125,0.10714285714285714
2024-04-12,25770.0,15230,40,3,9780,27016,481.2485714285714,18.285714285714285,0.4090027163368258,0.00408997955010225,26.31828125,0.075
2024-04-13,40260.0,23610,61,5,9555,26586,481.2485714285714,18.285714285714285,0.4135618479880775,0.006384092098377813,26.31828125,0.08196721311475409
2024-04-14,40140.0,23850,54,3,9604,26233,481.2485714285714,18.285714285714285,0.40582959641255606,0.005622657226155768,26.31828125,0.05555555555555555
2024-04-15,22400.0,13100,37,4,9588,26594,380.48857142857145,31.428571428571427,0.41517857142857145,0.0038589904046725074,12.106454545454547,0.10810810810810811
2024-04-16,35250.0,20820,53,7,9494,27276,380.48857142857145,31.428571428571427,0.4093617021276596,0.005582473140931114,12.106454545454547,0.1320754716981132
2024-04-17,22870.0,13250,44,6,9591,27537,380.48857142857145,31.428571428571427,0.4206383909051159,0.00458763424043374,12.106454545454547,0.13636363636363635
2024-04-18,44920.0,26770,57,6,9068,25588,380.48857142857145,31.428571428571427,0.4040516473731077,0.006285840317600353,12.106454545454547,0.10526315789473684
2024-04-19,52840.0,31920,61,6,9551,26326,380.48857142857145,31.428571428571427,0.3959121877365632,0.006386765783687572,12.106454545454547,0.09836065573770492
2024-04-20,47080.0,28060,68,5,9567,25905,380.48857142857145,31.428571428571427,0.40399320305862363,0.00710776627992056,12.106454545454547,0.07352941176470588
2024-04-21,31660.0,18440,55,3,9476,25648,380.48857142857145,31.428571428571427,0.41756159191408715,0.005804136766568172,12.106454545454547,0.05454545454545454
2024-04-22,26780.0,15620,49,4,9551,26383,387.17285714285714,16.857142857142858,0.4167289021657954,0.0051303528426342795,22.967881355932203,0.08163265306122448
2024-04-23,35220.0,20860,55,4,9620,27001,387.17285714285714,16.857142857142858,0.4077228847245883,0.005717255717255718,22.967881355932203,0.07272727272727272
2024-04-24,35820.0,21340,51,4,9834,28666,387.17285714285714,16.857142857142858,0.40424343941931884,0.005186089078706529,22.967881355932203,0.0784313725490196
2024-04-25,28820.0,16910,51,4,9747,27598,387.17285714285714,16.857142857142858,0.41325468424705064,0.0052323791935980305,22.967881355932203,0.0784313725490196
2024-04-26,47570.0,28600,64,11,9837,27150,387.17285714285714,16.857142857142858,0.3987807441664915,0.006506048592050422,22.967881355932203,0.171875
2024-04-27,35360.0,21000,49,6,9517,27060,387.17285714285714,16.857142857142858,0.4061085972850679,0.005148681307134601,22.967881355932203,0.12244897959183673
2024-04-28,25880.0,14890,50,4,9465,25371,387.17285714285714,16.857142857142858,0.42465224111282845,0.005282620179609086,22.967881355932203,0.08
2024-04-29,31950.0,18670,54,2,9533,25438,601.0214285714285,16.714285714285715,0.4156494522691706,0.005664533724955418,35.958547008547,0.037037037037037035
2024-04-30,47830.0,28690,64,5,9682,27276,601.0214285714285,16.714285714285715,0.400167259042442,0.006610204503201818,35.958547008547,0.078125
2024-05-01,27040.0,16080,38,3,9353,25351,601.0214285714285,16.714285714285715,0.40532544378698226,0.0040628675291350365,35.958547008547,0.07894736842105263
2024-05-02,38190.0,22780,49,5,9618,24969,601.0214285714285,16.714285714285715,0.40350877192982454,0.005094614264919942,35.958547008547,0.10204081632653061
2024-05-03,26840.0,15860,40,4,9641,26654,601.0214285714285,16.714285714285715,0.4090909090909091,0.004148947204646821,35.958547008547,0.1
2024-05-04,28960.0,17100,47,3,9474,25348,601.0214285714285,16.714285714285715,0.4095303867403315,0.004960945746252903,35.958547008547,0.06382978723404255
2024-05-05,37730.0,22070,65,4,9689,25919,601.0214285714285,16.714285714285715,0.41505433342168035,0.006708638662400661,35.958547008547,0.06153846153846154
2024-05-06,39740.0,23700,49,5,9174,25160,574.6999999999999,34.142857142857146,0.40362355309511827,0.005341181600174406,16.832217573221754,0.10204081632653061
2024-05-07,29540.0,17230,55,2,9505,26918,574.6999999999999,34.142857142857146,0.4167230873392011,0.005786428195686481,16.832217573221754,0.03636363636363636
2024-05-08,57880.0,34740,71,4,9595,26289,574.6999999999999,34.142857142857146,0.3997926744989634,0.007399687337154768,16.832217573221754,0.056338028169014086
2024-05-09,33720.0,20210,45,3,9531,26127,574.6999999999999,34.142857142857146,0.40065243179122184,0.004721435316336166,16.832217573221754,0.06666666666666667
2024-05-10,30880.0,18120,50,5,9558,26177,574.6999999999999,34.142857142857146,0.41321243523316065,0.0052312199204854574,16.832217573221754,0.1
2024-05-11,36460.0,21580,54,8,9453,26753,574.6999999999999,34.142857142857146,0.408118486012068,0.005712472231037766,16.832217573221754,0.14814814814814814
2024-05-12,26090.0,15110,51,3,9534,26464,574.6999999999999,34.142857142857146,0.4208509007282484,0.005349276274386407,16.832217573221754,0.058823529411764705
2024-05-13,28070.0,16430,53,6,9520,26506,579.3128571428572,22.285714285714285,0.41467759173494834,0.005567226890756303,25.994807692307695,0.11320754716981132
2024-05-14,33450.0,19830,51,3,9533,26205,579.3128571428572,22.285714285714285,0.40717488789237666,0.00534983740690234,25.994807692307695,0.058823529411764705
2024-05-15,39440.0,23110,64,8,9887,28505,579.3128571428572,22.285714285714285,0.41404665314401623,0.006473146556083747,25.994807692307695,0.125
2024-05-16,28630.0,16760,45,4,9958,28701,579.3128571428572,22.285714285714285,0.4146000698567936,0.004518979714802169,25.994807692307695,0.08888888888888889
2024-05-17,41390.0,24930,47,3,9624,25277,579.3128571428572,22.285714285714285,0.39768059917854554,0.004883624272651704,25.994807692307695,0.06382978723404255
2024-05-18,45330.0,27010,62,2,9719,26381,579.3128571428572,22.285714285714285,0.4041473637767483,0.006379257125218644,25.994807692307695,0.03225806451612903
2024-05-19,29850.0,17960,36,7,9476,26699,579.3128571428572,22.285714285714285,0.3983249581239531,0.003799071338117349,25.994807692307695,0.19444444444444445
2024-05-20,27950.0,16560,40,1,9843,27881,676.8142857142857,21.571428571428573,0.4075134168157424,0.0040638016864777,31.37549668874172,0.025
2024-05-21,42240.0,25350,53,5,9728,26852,676.8142857142857,21.571428571428573,0.39985795454545453,0.005448190789473684,31.37549668874172,0.09433962264150944
2024-05-22,37530.0,22640,44,5,9607,26176,676.8142857142857,21.571428571428573,0.39674926725286436,0.0045799937545539715,31.37549668874172,0.11363636363636363
2024-05-23,40120.0,23990,49,6,9726,26400,676.8142857142857,21.571428571428573,0.40204386839481554,0.005038042360682706,31.37549668874172,0.12244897959183673
2024-05-24,42700.0,25490,55,1,9600,25956,676.8142857142857,21.571428571428573,0.40304449648711943,0.005729166666666666,31.37549668874172,0.01818181818181818
2024-05-25,39230.0,23650,52,4,9608,24728,676.8142857142857,21.571428571428573,0.39714504205964823,0.005412156536219817,31.37549668874172,0.07692307692307693
2024-05-26,31410.0,18920,40,3,9331,25086,676.8142857142857,21.571428571428573,0.39764406240050937,0.004286785982209838,31.37549668874172,0.075
2024-05-27,23220.0,13540,44,2,9449,26031,612.0714285714286,33.142857142857146,0.4168819982773471,0.004656577415599534,18.4676724137931,0.045454545454545456
2024-05-28,32340.0,18800,56,3,9363,26105,612.0714285714286,33.142857142857146,0.4186765615337044,0.005980988999252377,18.4676724137931,0.05357142857142857
2024-05-29,42800.0,25360,57,3,9352,25604,612.0714285714286,33.142857142857146,0.4074766355140187,0.006094952951240376,18.4676724137931,0.05263157894736842
2024-05-30,30450.0,17890,52,7,9207,25665,612.0714285714286,33.142857142857146,0.4124794745484401,0.005647876615618551,18.4676724137931,0.1346153846153846
2024-05-31,51620.0,31020,59,5,9673,26753,612.0714285714286,33.142857142857146,0.39907012785741963,0.006099452083117957,18.4676724137931,0.0847457627118644
2024-06-01,30090.0,17930,45,3,9847,26699,612.0714285714286,33.142857142857146,0.4041209704220671,0.004569919772519549,18.4676724137931,0.06666666666666667
2024-06-02,51820.0,30950,65,4,9524,23929,612.0714285714286,33.142857142857146,0.40274025472790426,0.006824863502729946,18.4676724137931,0.06153846153846154
2024-06-03,35150.0,21040,45,3,9418,24872,563.0642857142857,18.285714285714285,0.4014224751066856,0.0047780845190061585,30.792578125,0.06666666666666667
2024-06-04,29790.0,17990,36,2,10031,28340,563.0642857142857,18.285714285714285,0.396106075864384,0.00358887448908384,30.792578125,0.05555555555555555
2024-06-05,42760.0,25910,50,4,9593,26878,563.0642857142857,18.285714285714285,0.3940598690364827,0.005212133847597207,30.792578125,0.08
2024-06-06,29890.0,17440,47,3,9762,26539,563.0642857142857,18.285714285714285,0.4165272666443627,0.004814587174759271,30.792578125,0.06382978723404255
2024-06-07,50970.0,30590,66,3,9382,27067,563.0642857142857,18.285714285714285,0.39984304492838924,0.007034747388616499,30.792578125,0.045454545454545456
2024-06-08,11480.0,6720,16,1,9476,26187,563.0642857142857,18.285714285714285,0.4146341463414634,0.0016884761502743773,30.792578125,0.0625
2024-06-09,48280.0,28750,62,4,9494,25557,563.0642857142857,18.285714285714285,0.40451532725766365,0.00653044027807036,30.792578125,0.06451612903225806
2024-06-10,38610.0,23120,51,1,9657,27170,576.1714285714286,20.714285714285715,0.4011914011914012,0.005281143212177695,27.815172413793103,0.0196078431372549
2024-06-11,35970.0,21780,37,2,9462,25003,576.1714285714286,20.714285714285715,0.3944954128440367,0.003910378355527372,27.815172413793103,0.05405405405405406
2024-06-12,33460.0,19950,43,5,9667,26992,576.1714285714286,20.714285714285715,0.40376569037656906,0.004448122478535223,27.815172413793103,0.11627906976744186
2024-06-13,36810.0,21880,52,5,9628,26507,576.1714285714286,20.714285714285715,0.4055963053518066,0.00540091400083091,27.815172413793103,0.09615384615384616
2024-06-14,40580.0,23670,69,8,9736,27523,576.1714285714286,20.714285714285715,0.41670773780187287,0.007087099424815119,27.815172413793103,0.11594202898550725
2024-06-15,31130.0,18650,39,3,9464,24937,576.1714285714286,20.714285714285715,0.4008994539029875,0.004120879120879121,27.815172413793103,0.07692307692307693
2024-06-16,28300.0,16600,44,4,9316,25852,576.1714285714286,20.714285714285715,0.4134275618374558,0.0047230571060541005,27.815172413793103,0.09090909090909091
2024-06-17,35180.0,20780,54,3,9223,23990,567.8228571428572,21.0,0.40932347924957363,0.005854927897647186,27.03918367346939,0.05555555555555555
2024-06-18,28810.0,17260,37,0,9692,26528,567.8228571428572,21.0,0.40090246442207567,0.003817581510524144,27.03918367346939,0.0
2024-06-19,27770.0,16280,49,1,9547,25625,567.8228571428572,21.0,0.4137558516384588,0.005132502356761286,27.03918367346939,0.02040816326530612
2024-06-20,47680.0,28560,55,4,9521,26366,567.8228571428572,21.0,0.401006711409396,0.005776704127717676,27.03918367346939,0.07272727272727272
2024-06-21,42570.0,25340,56,4,9612,27370,567.8228571428572,21.0,0.40474512567535825,0.005826050769870994,27.03918367346939,0.07142857142857142
2024-06-22,28940.0,17370,36,3,9871,27381,567.8228571428572,21.0,0.3997926744989634,0.0036470469050754735,27.03918367346939,0.08333333333333333
2024-06-23,43010.0,25440,67,4,9657,25079,567.8228571428572,21.0,0.4085096489188561,0.006937972455213834,27.03918367346939,0.05970149253731343
2024-06-24,36200.0,21290,52,5,9498,26106,429.95285714285717,28.142857142857142,0.41187845303867404,0.005474836807749,15.277512690355332,0.09615384615384616
2024-06-25,54690.0,33210,60,4,9738,26841,429.95285714285717,28.142857142857142,0.3927591881513988,0.0061614294516327784,15.277512690355332,0.06666666666666667
2024-06-26,41060.0,24640,48,4,9267,25403,429.95285714285717,28.142857142857142,0.39990258158792014,0.005179669796050502,15.277512690355332,0.08333333333333333
2024-06-27,26930.0,15600,52,3,9446,25552,429.95285714285717,28.142857142857142,0.4207203861864092,0.0055049756510692355,15.277512690355332,0.057692307692307696
2024-06-28,32690.0,19310,51,3,9260,25321,429.95285714285717,28.142857142857142,0.4092994799632915,0.0055075593952483804,15.277512690355332,0.058823529411764705
2024-06-29,38750.0,23180,52,6,9676,26491,429.95285714285717,28.142857142857142,0.40180645161290324,0.005374121537825548,15.277512690355332,0.11538461538461539
2024-06-30,37040.0,21780,55,5,9360,25799,429.95285714285717,28.142857142857142,0.41198704103671707,0.005876068376068376,15.277512690355332,0.09090909090909091
2024-07-01,40510.0,24040,55,1,9390,25166,693.4814285714285,36.57142857142857,0.4065662799308813,0.005857294994675187,18.9623828125,0.01818181818181818
2024-07-02,29220.0,17200,48,4,9705,26894,693.4814285714285,36.57142857142857,0.4113620807665982,0.004945904173106646,18.9623828125,0.08333333333333333
2024-07-03,22780.0,13550,32,1,9429,25149,693.4814285714285,36.57142857142857,0.4051799824407375,0.0033937851309788947,18.9623828125,0.03125
2024-07-04,42480.0,25470,51,2,9969,27526,693.4814285714285,36.57142857142857,0.4004237288135593,0.00511585916340656,18.9623828125,0.0392156862745098
2024-07-05,27830.0,16510,46,5,9668,26561,693.4814285714285,36.57142857142857,0.40675530003593247,0.004757964418700869,18.9623828125,0.10869565217391304
2024-07-06,36280.0,22180,35,3,9574,26414,693.4814285714285,36.57142857142857,0.3886438809261301,0.0036557342803425945,18.9623828125,0.08571428571428572
2024-07-07,46510.0,27790,57,5,9713,26245,693.4814285714285,36.57142857142857,0.40249408729305525,0.0058684237619684955,18.9623828125,0.08771929824561403
2024-07-08,23990.0,14240,42,3,9699,26252,672.7585714285714,37.857142857142854,0.4064193413922468,0.004330343334364367,17.770981132075473,0.07142857142857142
2024-07-09,22760.0,13290,40,2,9501,26229,672.7585714285714,37.857142857142854,0.4160808435852373,0.004210083149142196,17.770981132075473,0.05
2024-07-10,35620.0,21200,49,3,9414,25254,672.7585714285714,37.857142857142854,0.40482874789444134,0.00520501380922031,17.770981132075473,0.061224489795918366
2024-07-11,50320.0,30240,56,5,9836,27376,672.7585714285714,37.857142857142854,0.3990461049284579,0.0056933712891419274,17.770981132075473,0.08928571428571429
2024-07-12,24880.0,14520,42,5,9939,27946,672.7585714285714,37.857142857142854,0.41639871382636656,0.004225777241171144,17.770981132075473,0.11904761904761904
2024-07-13,41060.0,24380,60,7,9304,24581,672.7585714285714,37.857142857142854,0.4062347783731125,0.006448839208942391,17.770981132075473,0.11666666666666667
2024-07-14,32970.0,19740,42,5,9258,26278,672.7585714285714,37.857142857142854,0.4012738853503185,0.004536616979909268,17.770981132075473,0.11904761904761904
2024-07-15,34110.0,20380,44,4,9481,25743,525.7742857142857,28.714285714285715,0.4025212547639988,0.004640860668705833,18.310547263681592,0.09090909090909091
2024-07-16,35180.0,20850,52,5,9757,25887,525.7742857142857,28.714285714285715,0.40733371233655485,0.005329507020600595,18.310547263681592,0.09615384615384616
2024-07-17,39500.0,23190,64,2,9456,26715,525.7742857142857,28.714285714285715,0.4129113924050633,0.00676818950930626,18.310547263681592,0.03125
2024-07-18,31560.0,18580,49,5,9957,27715,525.7742857142857,28.714285714285715,0.4112801013941698,0.004921160992266747,18.310547263681592,0.10204081632653061
2024-07-19,39300.0,23830,41,5,9412,26709,525.7742857142857,28.714285714285715,0.3936386768447837,0.004356141096472589,18.310547263681592,0.12195121951219512
2024-07-20,30210.0,17620,50,2,9849,26609,525.7742857142857,28.714285714285715,0.41674942072161536,0.005076657528683115,18.310547263681592,0.04
2024-07-21,39260.0,23360,54,2,9322,24871,525.7742857142857,28.714285714285715,0.40499235863474276,0.005792748337266681,18.310547263681592,0.037037037037037035
2024-07-22,35010.0,20930,50,1,9888,26215,449.74142857142857,9.428571428571429,0.40217080834047414,0.0050566343042071195,47.69984848484848,0.02
2024-07-23,37140.0,22150,47,6,9663,27431,449.74142857142857,9.428571428571429,0.4036079698438341,0.004863913898375246,47.69984848484848,0.1276595744680851
2024-07-24,33600.0,19950,45,3,9636,26402,449.74142857142857,9.428571428571429,0.40625,0.004669987546699875,47.69984848484848,0.06666666666666667
2024-07-25,51260.0,30820,66,5,9693,27887,449.74142857142857,9.428571428571429,0.39875146312914556,0.006809037449705973,47.69984848484848,0.07575757575757576
2024-07-26,40990.0,24640,49,3,9539,26261,449.74142857142857,9.428571428571429,0.39887777506708955,0.005136806793164902,47.69984848484848,0.061224489795918366
2024-07-27,18600.0,10760,37,3,9489,26474,449.74142857142857,9.428571428571429,0.421505376344086,0.003899251765201813,47.69984848484848,0.08108108108108109
2024-07-28,38470.0,22960,51,3,9594,26197,449.74142857142857,9.428571428571429,0.403171302313491,0.005315822388993121,47.69984848484848,0.058823529411764705
2024-07-29,47250.0,28400,58,7,9414,26197,443.78428571428566,15.142857142857142,0.39894179894179893,0.00616103675377098,29.306509433962262,0.1206896551724138
2024-07-30,13960.0,8260,20,2,9839,27346,443.78428571428566,15.142857142857142,0.40830945558739257,0.002032726903140563,29.306509433962262,0.1
2024-07-31,37900.0,22650,52,2,10035,27604,443.78428571428566,15.142857142857142,0.4023746701846966,0.005181863477827603,29.306509433962262,0.038461538461538464
2024-08-01,20260.0,11880,33,4,9306,25463,443.78428571428566,15.142857142857142,0.4136229022704837,0.0035460992907801418,29.306509433962262,0.12121212121212122
2024-08-02,42330.0,25120,54,4,9505,24506,443.78428571428566,15.142857142857142,0.4065674462556107,0.005681220410310363,29.306509433962262,0.07407407407407407
2024-08-03,23190.0,13470,44,4,9412,25895,443.78428571428566,15.142857142857142,0.4191461836998706,0.004674883127921802,29.306509433962262,0.09090909090909091
2024-08-04,46360.0,27560,70,5,9589,27449,443.78428571428566,15.142857142857142,0.4055220017256255,0.007300031285848368,29.306509433962262,0.07142857142857142
2024-08-05,30900.0,18250,50,5,9609,26418,645.8028571428571,25.142857142857142,0.40938511326860844,0.005203455094182537,25.685340909090908,0.1
2024-08-06,25700.0,14970,39,5,9540,26616,645.8028571428571,25.142857142857142,0.41750972762645916,0.004088050314465409,25.685340909090908,0.1282051282051282
2024-08-07,40110.0,23600,62,4,9763,27097,645.8028571428571,25.142857142857142,0.41161805036150584,0.006350507016285978,25.685340909090908,0.06451612903225806
2024-08-08,23520.0,14060,32,2,9343,26256,645.8028571428571,25.142857142857142,0.40221088435374147,0.003425024082200578,25.685340909090908,0.0625
2024-08-09,38840.0,23130,55,4,9721,25709,645.8028571428571,25.142857142857142,0.4044799176107106,0.005657854130233515,25.685340909090908,0.07272727272727272
2024-08-10,42670.0,25370,56,4,9425,26664,645.8028571428571,25.142857142857142,0.40543707522849776,0.005941644562334218,25.685340909090908,0.07142857142857142
2024-08-11,32800.0,19710,45,4,9386,26637,645.8028571428571,25.142857142857142,0.39908536585365856,0.004794374600468783,25.685340909090908,0.08888888888888889
2024-08-12,42520.0,25250,60,6,9421,24890,442.06857142857143,29.571428571428573,0.4061618062088429,0.006368750663411527,14.949178743961353,0.1
2024-08-13,29890.0,17680,45,5,9636,27095,442.06857142857143,29.571428571428573,0.40849782535965207,0.004669987546699875,14.949178743961353,0.1111111111111111
2024-08-14,30800.0,17960,52,3,9579,25134,442.06857142857143,29.571428571428573,0.41688311688311686,0.005428541601419773,14.949178743961353,0.057692307692307696
2024-08-15,28080.0,16540,45,4,9843,27747,442.06857142857143,29.571428571428573,0.41096866096866097,0.004571776897287412,14.949178743961353,0.08888888888888889
2024-08-16,26050.0,15590,35,5,9808,26375,442.06857142857143,29.571428571428573,0.4015355086372361,0.003568515497553018,14.949178743961353,0.14285714285714285
2024-08-17,47920.0,28680,59,6,9367,27237,442.06857142857143,29.571428571428573,0.4015025041736227,0.006298708231023807,14.949178743961353,0.1016949152542373
2024-08-18,24030.0,13900,47,8,9564,26618,442.06857142857143,29.571428571428573,0.4215563878485227,0.004914261815140109,14.949178743961353,0.1702127659574468
2024-08-19,40910.0,24660,43,2,9584,25510,501.6171428571428,32.42857142857143,0.3972133952578832,0.004486644407345576,15.468370044052861,0.046511627906976744
2024-08-20,39650.0,23170,67,4,9649,27310,501.6171428571428,32.42857142857143,0.41563682219419923,0.006943724738314851,15.468370044052861,0.05970149253731343
2024-08-21,39860.0,23710,55,7,9771,28313,501.6171428571428,32.42857142857143,0.4051680883090818,0.005628901852420428,15.468370044052861,0.12727272727272726
2024-08-22,30710.0,18410,40,5,9338,26600,501.6171428571428,32.42857142857143,0.40052100293064147,0.004283572499464553,15.468370044052861,0.125
2024-08-23,28230.0,16710,42,2,9557,25242,501.6171428571428,32.42857142857143,0.40807651434643993,0.004394684524432353,15.468370044052861,0.047619047619047616
2024-08-24,58280.0,35020,70,8,9614,27032,501.6171428571428,32.42857142857143,0.3991077556623198,0.007281048470979821,15.468370044052861,0.11428571428571428
2024-08-25,45580.0,27180,62,3,9678,27056,501.6171428571428,32.42857142857143,0.40368582711715667,0.006406282289729283,15.468370044052861,0.04838709677419355
2024-08-26,38370.0,22890,52,10,9451,24899,523.3042857142857,18.857142857142858,0.4034401876465989,0.005502063273727648,27.750984848484848,0.19230769230769232
2024-08-27,33000.0,19600,51,7,9864,26803,523.3042857142857,18.857142857142858,0.40606060606060607,0.005170316301703163,27.750984848484848,0.13725490196078433
2024-08-28,54470.0,32430,73,6,9814,27038,523.3042857142857,18.857142857142858,0.40462639985313015,0.007438353372732831,27.750984848484848,0.0821917808219178
2024-08-29,44190.0,26450,60,3,9519,26588,523.3042857142857,18.857142857142858,0.40144829146865807,0.006303183107469272,27.750984848484848,0.05
2024-08-30,32890.0,19160,58,2,9356,24678,523.3042857142857,18.857142857142858,0.41745211310428704,0.006199230440359128,27.750984848484848,0.034482758620689655
2024-08-31,31050.0,17950,55,6,9405,25309,523.3042857142857,18.857142857142858,0.4219001610305958,0.005847953216374269,27.750984848484848,0.10909090909090909
2024-09-01,38940.0,22680,60,4,9415,26154,523.3042857142857,18.857142857142858,0.41756548536209553,0.006372809346787042,27.750984848484848,0.06666666666666667
2024-09-02,50250.0,30330,54,1,9250,24734,720.4771428571429,18.142857142857142,0.3964179104477612,0.0058378378378378375,39.71133858267717,0.018518518518518517
2024-09-03,41210.0,25090,49,4,9256,25943,720.4771428571429,18.142857142857142,0.3911671924290221,0.005293863439930856,39.71133858267717,0.08163265306122448
2024-09-04,22170.0,13300,27,0,9455,27162,720.4771428571429,18.142857142857142,0.4000902119981958,0.0028556319407720783,39.71133858267717,0.0
2024-09-05,44280.0,26430,58,5,9616,26632,720.4771428571429,18.142857142857142,0.40311653116531165,0.006031613976705491,39.71133858267717,0.08620689655172414
2024-09-06,42570.0,25420,60,4,9423,26500,720.4771428571429,18.142857142857142,0.4028658679821471,0.006367398917542184,39.71133858267717,0.06666666666666667
2024-09-07,30920.0,18310,43,3,9491,26054,720.4771428571429,18.142857142857142,0.4078266494178525,0.004530607944368349,39.71133858267717,0.06976744186046512
2024-09-08,37030.0,21600,59,6,9702,25823,720.4771428571429,18.142857142857142,0.4166891709424791,0.006081220366934653,39.71133858267717,0.1016949152542373
2024-09-09,31400.0,18930,38,4,9550,25841,640.3214285714286,31.857142857142858,0.39713375796178346,0.003979057591623036,20.099775784753362,0.10526315789473684
2024-09-10,46500.0,27780,55,1,9345,25651,640.3214285714286,31.857142857142858,0.40258064516129033,0.005885500267522739,20.099775784753362,0.01818181818181818
2024-09-11,27870.0,16340,46,6,9734,27293,640.3214285714286,31.857142857142858,0.4137064944384643,0.004725703718923361,20.099775784753362,0.13043478260869565
2024-09-12,40690.0,24470,49,3,9270,25257,640.3214285714286,31.857142857142858,0.3986237404767756,0.005285868392664509,20.099775784753362,0.061224489795918366
2024-09-13,47270.0,28460,52,4,9473,27081,640.3214285714286,31.857142857142858,0.39792680346943093,0.005489285337274359,20.099775784753362,0.07692307692307693
2024-09-14,31880.0,18870,51,4,9324,25452,640.3214285714286,31.857142857142858,0.40809284818067754,0.0054697554697554695,20.099775784753362,0.0784313725490196
2024-09-15,40320.0,24000,64,8,9593,26493,640.3214285714286,31.857142857142858,0.40476190476190477,0.006671531324924424,20.099775784753362,0.125
2024-09-16,33900.0,20260,44,2,9960,26255,533.4014285714286,36.285714285714285,0.4023598820058997,0.004417670682730923,14.700039370078741,0.045454545454545456
2024-09-17,34830.0,20890,47,6,9368,26780,533.4014285714286,36.285714285714285,0.4002296870513925,0.005017079419299744,14.700039370078741,0.1276595744680851
2024-09-18,34580.0,20390,56,7,9717,26545,533.4014285714286,36.285714285714285,0.4103528050896472,0.0057630956056396,14.700039370078741,0.125
2024-09-19,29980.0,17820,43,7,9633,26297,533.4014285714286,36.285714285714285,0.4056037358238826,0.00446382227758746,14.700039370078741,0.16279069767441862
2024-09-20,27080.0,15830,46,7,9255,25714,533.4014285714286,36.285714285714285,0.4154357459379616,0.004970286331712588,14.700039370078741,0.15217391304347827
2024-09-21,22630.0,13340,35,4,9667,25953,533.4014285714286,36.285714285714285,0.41051701281484754,0.003620564808110065,14.700039370078741,0.11428571428571428
2024-09-22,42020.0,25330,52,7,9736,26694,533.4014285714286,36.285714285714285,0.3971918134221799,0.005341002465078061,14.700039370078741,0.1346153846153846
2024-09-23,31820.0,18740,43,4,9512,25793,785.1685714285715,26.0,0.4110622250157134,0.004520605550883095,30.19879120879121,0.09302325581395349
2024-09-24,49410.0,29510,56,8,9841,26859,785.1685714285715,26.0,0.4027524792552115,0.005690478609897368,30.19879120879121,0.14285714285714285
2024-09-25,36010.0,21570,49,3,9670,25787,785.1685714285715,26.0,0.40099972229936126,0.005067218200620476,30.19879120879121,0.061224489795918366
2024-09-26,31370.0,18230,62,2,9671,27201,785.1685714285715,26.0,0.4188715333120816,0.006410919243097921,30.19879120879121,0.03225806451612903
2024-09-27,16320.0,9410,27,3,9387,24921,785.1685714285715,26.0,0.42340686274509803,0.0028763183125599234,30.19879120879121,0.1111111111111111
2024-09-28,35200.0,20990,49,4,9429,26634,785.1685714285715,26.0,0.4036931818181818,0.005196733481811433,30.19879120879121,0.08163265306122448
2024-09-29,28660.0,17160,42,8,9870,26980,785.1685714285715,26.0,0.40125610607117934,0.00425531914893617,30.19879120879121,0.19047619047619047
2024-09-30,40480.0,24240,55,2,9620,27527,446.82,19.285714285714285,0.40118577075098816,0.005717255717255718,23.168444444444447,0.03636363636363636
2024-10-01,50505.0,34350,93,11,11926,34666,446.82,19.285714285714285,0.3198693198693199,0.007798088210632232,23.168444444444447,0.11827956989247312
2024-10-02,46585.0,32190,72,4,11997,32269,446.82,19.285714285714285,0.30900504454223465,0.006001500375093774,23.168444444444447,0.05555555555555555
2024-10-03,52545.0,35770,85,8,11464,30627,446.82,19.285714285714285,0.31925016652393184,0.007414515003489184,23.168444444444447,0.09411764705882353
2024-10-04,74620.0,52500,99,6,11552,31906,446.82,19.285714285714285,0.2964352720450281,0.00856994459833795,23.168444444444447,0.06060606060606061
2024-10-05,30860.0,20940,57,2,12279,34242,446.82,19.285714285714285,0.321451717433571,0.004642071829953579,23.168444444444447,0.03508771929824561
2024-10-06,22150.0,15070,40,5,12010,34080,446.82,19.285714285714285,0.3196388261851016,0.0033305578684429643,23.168444444444447,0.125
2024-10-07,76630.0,52970,114,10,12069,33417,1218.0742857142857,31.714285714285715,0.30875636173822263,0.009445687298036291,38.40774774774775,0.08771929824561403
2024-10-08,37425.0,25950,61,8,11810,33217,1218.0742857142857,31.714285714285715,0.3066132264529058,0.005165114309906859,38.40774774774775,0.13114754098360656
2024-10-09,44725.0,30350,81,6,12117,32898,1218.0742857142857,31.714285714285715,0.32140860816098377,0.006684822975984155,38.40774774774775,0.07407407407407407
2024-10-10,41820.0,28320,75,4,12252,33258,1218.0742857142857,31.714285714285715,0.32281205164992827,0.0061214495592556315,38.40774774774775,0.05333333333333334
2024-10-11,33210.0,22230,67,4,11693,31753,1218.0742857142857,31.714285714285715,0.33062330623306235,0.005729923886085692,38.40774774774775,0.05970149253731343
2024-10-12,40900.0,27930,72,2,11869,31156,1218.0742857142857,31.714285714285715,0.3171149144254279,0.006066222933692814,38.40774774774775,0.027777777777777776
2024-10-13,65705.0,45600,105,12,12127,33423,1218.0742857142857,31.714285714285715,0.305988889734419,0.008658365630411478,38.40774774774775,0.11428571428571428
2024-10-14,47470.0,33060,69,7,11816,32853,925.5471428571428,22.714285714285715,0.3035601432483674,0.005839539607312119,40.747358490566036,0.10144927536231885
2024-10-15,44255.0,30400,73,2,12107,34121,925.5471428571428,22.714285714285715,0.31307196926900915,0.0060295696704385894,40.747358490566036,0.0273972602739726
2024-10-16,54885.0,38280,76,5,11681,32654,925.5471428571428,22.714285714285715,0.30254167805411314,0.006506292269497474,40.747358490566036,0.06578947368421052
2024-10-17,59005.0,40740,96,10,11732,32797,925.5471428571428,22.714285714285715,0.30955003813236165,0.008182748039549948,40.747358490566036,0.10416666666666667
2024-10-18,46370.0,31420,87,7,12260,33160,925.5471428571428,22.714285714285715,0.3224067284882467,0.007096247960848287,40.747358490566036,0.08045977011494253
2024-10-19,57505.0,39500,91,7,11847,32917,925.5471428571428,22.714285714285715,0.3131032084166594,0.007681269519709631,40.747358490566036,0.07692307692307693
2024-10-20,29875.0,20630,51,4,11595,32354,925.5471428571428,22.714285714285715,0.3094560669456067,0.004398447606727037,40.747358490566036,0.0784313725490196
2024-10-21,36995.0,24720,73,2,12194,32917,760.9457142857143,22.571428571428573,0.33180159481010946,0.005986550762670166,33.71278481012658,0.0273972602739726
2024-10-22,56665.0,38800,97,6,12417,34706,760.9457142857143,22.571428571428573,0.31527397864643075,0.007811870822259805,33.71278481012658,0.061855670103092786
2024-10-23,59635.0,41670,88,7,11872,32028,760.9457142857143,22.571428571428573,0.30124926637042004,0.007412398921832884,33.71278481012658,0.07954545454545454
2024-10-24,42475.0,29040,75,12,12015,32778,760.9457142857143,22.571428571428573,0.3163037080635668,0.006242197253433208,33.71278481012658,0.16
2024-10-25,53105.0,36380,91,4,12276,34342,760.9457142857143,22.571428571428573,0.3149420958478486,0.007412838057999348,33.71278481012658,0.04395604395604396
2024-10-26,43005.0,29280,69,3,12216,34124,760.9457142857143,22.571428571428573,0.3191489361702128,0.005648330058939097,33.71278481012658,0.043478260869565216
2024-10-27,42735.0,28420,85,8,11946,33627,760.9457142857143,22.571428571428573,0.33497133497133497,0.007115352419219822,33.71278481012658,0.09411764705882353
2024-10-28,30350.0,20440,61,0,11793,34429,826.5285714285714,45.285714285714285,0.32652388797364085,0.005172559993216315,18.251419558359622,0.0
2024-10-29,44890.0,30530,82,5,12108,32925,826.5285714285714,45.285714285714285,0.3198930719536645,0.0067723818962669305,18.251419558359622,0.06097560975609756
2024-10-30,38060.0,26770,52,3,11354,29946,826.5285714285714,45.285714285714285,0.29663688912243824,0.004579883741412718,18.251419558359622,0.057692307692307696
2024-10-31,31455.0,21610,51,4,12185,33812,826.5285714285714,45.285714285714285,0.3129868065490383,0.004185473943373,18.251419558359622,0.0784313725490196
2024-11-01,38990.0,22920,59,8,9348,26103,826.5285714285714,45.285714285714285,0.4121569633239292,0.006311510483525888,18.251419558359622,0.13559322033898305
2024-11-02,41280.0,24630,55,6,9757,26836,826.5285714285714,45.285714285714285,0.40334302325581395,0.005636978579481398,18.251419558359622,0.10909090909090909
2024-11-03,33130.0,19700,56,5,9640,25511,826.5285714285714,45.285714285714285,0.4053727739209176,0.005809128630705394,18.251419558359622,0.08928571428571429
2024-11-04,39970.0,24000,49,2,9833,25892,365.25,9.0,0.39954966224668503,0.004983219770161701,40.583333333333336,0.04081632653061224
2024-11-05,36430.0,21540,52,7,9549,26315,365.25,9.0,0.40872906944825693,0.005445596397528537,40.583333333333336,0.1346153846153846
2024-11-06,41550.0,25140,50,8,9679,27490,365.25,9.0,0.39494584837545127,0.005165822915590454,40.583333333333336,0.16
2024-11-07,32920.0,18940,59,10,9750,26531,365.25,9.0,0.4246658566221142,0.006051282051282051,40.583333333333336,0.1694915254237288
2024-11-08,33620.0,19420,51,0,9241,25634,365.25,9.0,0.4223676383105294,0.005518883237744833,40.583333333333336,0.0
2024-11-09,19320.0,11150,42,1,9556,25446,365.25,9.0,0.42287784679089024,0.004395144411887819,40.583333333333336,0.023809523809523808
2024-11-10,47160.0,27920,66,9,9949,27124,365.25,9.0,0.4079728583545377,0.006633832545984521,40.583333333333336,0.13636363636363635
2024-11-11,24000.0,13980,43,4,9253,24917,598.0771428571428,38.0,0.4175,0.004647141467632119,15.738872180451127,0.09302325581395349
2024-11-12,44890.0,26730,62,6,9765,27376,598.0771428571428,38.0,0.4045444419692582,0.006349206349206349,15.738872180451127,0.0967741935483871
2024-11-13,29070.0,17200,47,3,9329,26429,598.0771428571428,38.0,0.40832473340213277,0.005038053381927324,15.738872180451127,0.06382978723404255
2024-11-14,34780.0,20880,46,2,9357,26225,598.0771428571428,38.0,0.3996549741230592,0.004916105589398311,15.738872180451127,0.043478260869565216
2024-11-15,32790.0,19480,44,7,9797,26911,598.0771428571428,38.0,0.4059164379383959,0.004491170766561192,15.738872180451127,0.1590909090909091
2024-11-16,38110.0,22580,56,4,9355,25557,598.0771428571428,38.0,0.4075045919706114,0.005986103687867451,15.738872180451127,0.07142857142857142
2024-11-17,44630.0,26570,61,5,9799,26543,598.0771428571428,38.0,0.404660542236164,0.006225125012756403,15.738872180451127,0.08196721311475409
2024-11-18,23540.0,14010,33,4,9645,26811,635.2057142857144,16.714285714285715,0.4048428207306712,0.003421461897356143,38.00376068376069,0.12121212121212122
2024-11-19,48240.0,28930,64,4,9877,26850,635.2057142857144,16.714285714285715,0.4002902155887231,0.006479700313860484,38.00376068376069,0.0625
2024-11-20,22480.0,13070,36,3,9547,26112,635.2057142857144,16.714285714285715,0.41859430604982206,0.0037708180580287,38.00376068376069,0.08333333333333333
2024-11-21,27780.0,16080,50,4,9461,25730,635.2057142857144,16.714285714285715,0.42116630669546434,0.005284853609555015,38.00376068376069,0.08
2024-11-22,32790.0,19390,48,4,9494,26269,635.2057142857144,16.714285714285715,0.40866117718816714,0.005055824731409311,38.00376068376069,0.08333333333333333
2024-11-23,34920.0,20880,45,5,9033,23958,635.2057142857144,16.714285714285715,0.4020618556701031,0.004981733643307871,38.00376068376069,0.1111111111111111
2024-11-24,38130.0,22810,47,6,9674,27333,635.2057142857144,16.714285714285715,0.4017833726724364,0.004858383295431052,38.00376068376069,0.1276595744680851
2024-11-25,35040.0,20800,55,3,9402,26380,571.3585714285715,14.428571428571429,0.4063926940639269,0.005849819187406935,39.5991089108911,0.05454545454545454
2024-11-26,36360.0,21590,56,1,9292,25063,571.3585714285715,14.428571428571429,0.40621562156215624,0.006026689625484288,39.5991089108911,0.017857142857142856
2024-11-27,33130.0,19400,52,5,9057,24505,571.3585714285715,14.428571428571429,0.41442801086628434,0.0057414154797394285,39.5991089108911,0.09615384615384616
2024-11-28,38520.0,22720,54,4,9538,26143,571.3585714285715,14.428571428571429,0.4101765316718588,0.005661564269238834,39.5991089108911,0.07407407407407407
2024-11-29,23640.0,14060,36,5,9684,25020,571.3585714285715,14.428571428571429,0.40524534686971236,0.0037174721189591076,39.5991089108911,0.1388888888888889
2024-11-30,36210.0,21420,54,6,9523,26214,571.3585714285715,14.428571428571429,0.4084507042253521,0.005670481990969233,39.5991089108911,0.1111111111111111
2024-12-01,28590.0,16870,44,3,9388,25830,571.3585714285715,14.428571428571429,0.409933543196922,0.004686834256497656,39.5991089108911,0.06818181818181818
2024-12-02,52310.0,31050,72,6,9658,26792,718.6128571428571,17.428571428571427,0.40642324603326324,0.00745495961896873,41.231885245901644,0.08333333333333333
2024-12-03,33700.0,20200,41,3,9752,26258,718.6128571428571,17.428571428571427,0.40059347181008903,0.004204265791632486,41.231885245901644,0.07317073170731707
2024-12-04,47330.0,28110,65,5,9297,25641,718.6128571428571,17.428571428571427,0.4060849355588422,0.006991502635258685,41.231885245901644,0.07692307692307693
2024-12-05,28060.0,16320,51,2,9531,26885,718.6128571428571,17.428571428571427,0.4183891660727014,0.0053509600251809885,41.231885245901644,0.0392156862745098
2024-12-06,49060.0,28720,78,11,9315,26118,718.6128571428571,17.428571428571427,0.41459437423562984,0.008373590982286634,41.231885245901644,0.14102564102564102
2024-12-07,26020.0,15160,49,3,9597,27089,718.6128571428571,17.428571428571427,0.4173712528823982,0.005105762217359592,41.231885245901644,0.061224489795918366
2024-12-08,52950.0,31810,61,6,9416,27220,718.6128571428571,17.428571428571427,0.3992445703493862,0.006478334749362787,41.231885245901644,0.09836065573770492
2024-12-09,37000.0,21740,57,8,9221,25610,517.5371428571428,21.714285714285715,0.41243243243243244,0.006181542132089795,23.83394736842105,0.14035087719298245
2024-12-10,49960.0,29990,59,3,9725,27080,517.5371428571428,21.714285714285715,0.39971977582065654,0.006066838046272493,23.83394736842105,0.05084745762711865
2024-12-11,22140.0,12890,37,4,9464,24384,517.5371428571428,21.714285714285715,0.41779584462511293,0.003909551986475064,23.83394736842105,0.10810810810810811
2024-12-12,42340.0,25300,55,6,9506,27189,517.5371428571428,21.714285714285715,0.40245630609352856,0.005785819482432148,23.83394736842105,0.10909090909090909
2024-12-13,26770.0,16000,36,3,9196,26028,517.5371428571428,21.714285714285715,0.4023160254015689,0.0039147455415398,23.83394736842105,0.08333333333333333
2024-12-14,27550.0,15960,55,6,9470,26154,517.5371428571428,21.714285714285715,0.4206896551724138,0.005807814149947202,23.83394736842105,0.10909090909090909
2024-12-15,24220.0,14150,42,2,9744,26477,517.5371428571428,21.714285714285715,0.4157720891824938,0.004310344827586207,23.83394736842105,0.047619047619047616
2024-12-16,35080.0,21040,44,2,9812,26498,583.4814285714285,16.0,0.40022805017103763,0.004484304932735426,36.46758928571428,0.045454545454545456
2024-12-17,30670.0,18230,43,4,9832,27861,583.4814285714285,16.0,0.40560808607760024,0.004373474369406021,36.46758928571428,0.09302325581395349
2024-12-18,37890.0,22300,59,8,9783,26993,583.4814285714285,16.0,0.41145420955397205,0.006030869876316058,36.46758928571428,0.13559322033898305
2024-12-19,19480.0,11300,36,6,9502,26245,583.4814285714285,16.0,0.419917864476386,0.003788676068196169,36.46758928571428,0.16666666666666666
2024-12-20,26470.0,15880,32,1,9693,29212,583.4814285714285,16.0,0.4000755572346052,0.0033013514907665326,36.46758928571428,0.03125
2024-12-21,26390.0,15820,37,4,9450,26203,583.4814285714285,16.0,0.4005305039787798,0.003915343915343915,36.46758928571428,0.10810810810810811
2024-12-22,48320.0,29020,59,7,9742,27965,583.4814285714285,16.0,0.39942052980132453,0.006056251283104086,36.46758928571428,0.11864406779661017
2024-12-23,24260.0,14280,39,4,9597,26353,590.9085714285713,17.714285714285715,0.4113767518549052,0.004063769928102532,33.357741935483865,0.10256410256410256
2024-12-24,39090.0,23370,56,3,9370,26113,590.9085714285713,17.714285714285715,0.40214888718342284,0.005976520811099253,33.357741935483865,0.05357142857142857
2024-12-25,23290.0,13810,37,4,9485,27322,590.9085714285713,17.714285714285715,0.40704164877629884,0.003900896151818661,33.357741935483865,0.10810810810810811
2024-12-26,41840.0,25270,46,6,9213,25854,590.9085714285713,17.714285714285715,0.3960325047801147,0.004992944751980897,33.357741935483865,0.13043478260869565
2024-12-27,45060.0,26730,69,3,9708,26426,590.9085714285713,17.714285714285715,0.40679094540612515,0.007107540173053152,33.357741935483865,0.043478260869565216
2024-12-28,18480.0,10620,43,5,9915,26992,590.9085714285713,17.714285714285715,0.4253246753246753,0.0043368633383761976,33.357741935483865,0.11627906976744186
2024-12-29,46480.0,27680,64,5,9812,27152,590.9085714285713,17.714285714285715,0.4044750430292599,0.006522625356706074,33.357741935483865,0.078125
2024-12-30,41860.0,24800,59,9,9254,25207,425.70285714285717,10.714285714285714,0.4075489727663641,0.006375621352928463,39.732266666666675,0.15254237288135594
2024-12-31,55400.0,33370,65,4,9175,25533,425.70285714285717,10.714285714285714,0.3976534296028881,0.007084468664850136,39.732266666666675,0.06153846153846154
2025-01-01,41240.0,24910,51,2,9829,27673,425.70285714285717,10.714285714285714,0.39597478176527645,0.0051887272357310004,39.732266666666675,0.0392156862745098
2025-01-02,36130.0,21570,47,1,9974,26030,425.70285714285717,10.714285714285714,0.4029892056462773,0.004712251854822539,39.732266666666675,0.02127659574468085
2025-01-03,33620.0,19820,49,2,9552,27042,425.70285714285717,10.714285714285714,0.41046995835812017,0.005129815745393635,39.732266666666675,0.04081632653061224
2025-01-04,38040.0,22360,61,6,9485,27023,425.70285714285717,10.714285714285714,0.41219768664563616,0.006431207169214549,39.732266666666675,0.09836065573770492
2025-01-05,32080.0,19120,41,2,9321,25218,425.70285714285717,10.714285714285714,0.40399002493765584,0.004398669670636198,39.732266666666675,0.04878048780487805
2025-01-06,31080.0,18090,50,5,9250,26021,476.19714285714286,12.714285714285714,0.41795366795366795,0.005405405405405406,37.45370786516854,0.1
2025-01-07,38410.0,22460,67,7,9739,27251,476.19714285714286,12.714285714285714,0.4152564436344702,0.00687955642263066,37.45370786516854,0.1044776119402985
2025-01-08,35520.0,20990,53,4,9735,26127,476.19714285714286,12.714285714285714,0.4090653153153153,0.005444273240883411,37.45370786516854,0.07547169811320754
2025-01-09,45020.0,27240,49,4,9366,25417,476.19714285714286,12.714285714285714,0.39493558418480673,0.00523168908819133,37.45370786516854,0.08163265306122448
2025-01-10,55200.0,33070,70,3,9506,26089,476.19714285714286,12.714285714285714,0.4009057971014493,0.007363770250368188,37.45370786516854,0.04285714285714286
2025-01-11,40550.0,24400,51,3,9659,26179,476.19714285714286,12.714285714285714,0.39827373612823674,0.005280049694585361,37.45370786516854,0.058823529411764705
2025-01-12,36290.0,21810,48,1,9681,24090,476.19714285714286,12.714285714285714,0.39900799118214386,0.004958165478772854,37.45370786516854,0.020833333333333332
2025-01-13,28900.0,16820,47,7,9389,26127,539.3657142857143,22.142857142857142,0.4179930795847751,0.005005857918841197,24.358451612903224,0.14893617021276595
2025-01-14,45280.0,27040,60,2,9623,25250,539.3657142857143,22.142857142857142,0.4028268551236749,0.006235061831029824,24.358451612903224,0.03333333333333333
2025-01-15,52700.0,31790,61,8,9380,25745,539.3657142857143,22.142857142857142,0.3967741935483871,0.00650319829424307,24.358451612903224,0.13114754098360656
2025-01-16,27660.0,16150,48,5,9496,25478,539.3657142857143,22.142857142857142,0.41612436731742586,0.005054759898904802,24.358451612903224,0.10416666666666667
2025-01-17,47760.0,28460,66,7,9304,24336,539.3657142857143,22.142857142857142,0.4041038525963149,0.007093723129836629,24.358451612903224,0.10606060606060606
2025-01-18,42010.0,25110,48,5,9700,25383,539.3657142857143,22.142857142857142,0.402285170197572,0.004948453608247422,24.358451612903224,0.10416666666666667
2025-01-19,42050.0,25060,51,2,9237,25489,539.3657142857143,22.142857142857142,0.40404280618311533,0.005521273140630075,24.358451612903224,0.0392156862745098
2025-01-20,29440.0,17350,47,6,9605,26524,516.1899999999999,17.571428571428573,0.41066576086956524,0.0048932847475273294,29.37666666666666,0.1276595744680851
2025-01-21,19120.0,11290,27,2,9670,27263,516.1899999999999,17.571428571428573,0.40951882845188287,0.0027921406411582214,29.37666666666666,0.07407407407407407
2025-01-22,29260.0,17420,42,4,9542,25840,516.1899999999999,17.571428571428573,0.40464798359535203,0.004401592957451268,29.37666666666666,0.09523809523809523
2025-01-23,25730.0,15050,47,2,9579,26942,516.1899999999999,17.571428571428573,0.41507967353284103,0.004906566447437102,29.37666666666666,0.0425531914893617
2025-01-24,30270.0,17900,46,2,9429,26288,516.1899999999999,17.571428571428573,0.40865543442352165,0.004878566125782162,29.37666666666666,0.043478260869565216
2025-01-25,33930.0,20110,46,2,9564,24880,516.1899999999999,17.571428571428573,0.4073091659298556,0.004809703053115851,29.37666666666666,0.043478260869565216
2025-01-26,24220.0,13950,46,5,9318,25546,516.1899999999999,17.571428571428573,0.4240297274979356,0.004936681691350075,29.37666666666666,0.10869565217391304
2025-01-27,43180.0,25920,54,4,9428,24957,401.2914285714286,20.142857142857142,0.3997220935618342,0.0057276198557488335,19.9222695035461,0.07407407407407407
2025-01-28,28200.0,16570,50,1,9693,26716,401.2914285714286,20.142857142857142,0.4124113475177305,0.005158361704322707,19.9222695035461,0.02
2025-01-29,50850.0,30360,71,2,9672,26569,401.2914285714286,20.142857142857142,0.40294985250737464,0.0073407775020678245,19.9222695035461,0.028169014084507043
2025-01-30,48710.0,29110,66,6,9529,25330,401.2914285714286,20.142857142857142,0.40238144118250874,0.006926225207262042,19.9222695035461,0.09090909090909091
2025-01-31,19250.0,11140,39,4,9792,28666,401.2914285714286,20.142857142857142,0.4212987012987013,0.003982843137254902,19.9222695035461,0.10256410256410256
2025-02-01,36230.0,21330,53,5,9862,27533,401.2914285714286,20.142857142857142,0.4112613855920508,0.005374163455688501,19.9222695035461,0.09433962264150944
2025-02-02,26720.0,15830,40,5,9544,24912,401.2914285714286,20.142857142857142,0.40755988023952094,0.004191114836546521,19.9222695035461,0.125
2025-02-03,26150.0,15420,38,2,9783,25915,404.7471428571429,25.142857142857142,0.4103250478011472,0.0038842890728815293,16.097897727272727,0.05263157894736842
2025-02-04,26470.0,15890,35,2,9503,25455,404.7471428571429,25.142857142857142,0.39969777106157917,0.0036830474586972534,16.097897727272727,0.05714285714285714
2025-02-05,39710.0,23840,51,4,9346,25272,404.7471428571429,25.142857142857142,0.3996474439687736,0.00545687994864113,16.097897727272727,0.0784313725490196
2025-02-06,50220.0,29880,72,6,9737,27541,404.7471428571429,25.142857142857142,0.4050179211469534,0.00739447468419431,16.097897727272727,0.08333333333333333
2025-02-07,42060.0,25280,52,11,9487,27312,404.7471428571429,25.142857142857142,0.3989538754160723,0.005481184779171498,16.097897727272727,0.21153846153846154
2025-02-08,31610.0,18820,46,4,9854,28325,404.7471428571429,25.142857142857142,0.40461879152167035,0.004668155063933428,16.097897727272727,0.08695652173913043
2025-02-09,51950.0,31240,66,6,9377,25711,404.7471428571429,25.142857142857142,0.39865255052935517,0.007038498453663219,16.097897727272727,0.09090909090909091
2025-02-10,45260.0,27130,56,9,9409,25183,422.04,24.142857142857142,0.40057445868316394,0.005951748326070783,17.480946745562132,0.16071428571428573
2025-02-11,28400.0,17140,38,4,9456,25690,422.04,24.142857142857142,0.39647887323943665,0.004018612521150592,17.480946745562132,0.10526315789473684
2025-02-12,30420.0,17850,45,1,9686,26965,422.04,24.142857142857142,0.41321499013806706,0.0046458806524881276,17.480946745562132,0.022222222222222223
2025-02-13,35220.0,21120,46,3,9619,25961,422.04,24.142857142857142,0.40034071550255534,0.004782201892088575,17.480946745562132,0.06521739130434782
2025-02-14,30440.0,17890,49,3,9373,25453,422.04,24.142857142857142,0.41228646517739814,0.005227781926811053,17.480946745562132,0.061224489795918366
2025-02-15,40770.0,24190,61,4,9528,26503,422.04,24.142857142857142,0.40667157223448613,0.006402183039462637,17.480946745562132,0.06557377049180328
2025-02-16,21600.0,12590,37,3,9587,26471,422.04,24.142857142857142,0.41712962962962963,0.0038593929279232293,17.480946745562132,0.08108108108108109
2025-02-17,32360.0,18970,44,5,9398,25740,489.46000000000004,17.428571428571427,0.4137824474660074,0.004681847201532241,28.083770491803282,0.11363636363636363
2025-02-18,64170.0,38600,77,4,9883,27430,489.46000000000004,17.428571428571427,0.39847280660744894,0.007791156531417586,28.083770491803282,0.05194805194805195
2025-02-19,21510.0,12460,41,2,9658,25859,489.46000000000004,17.428571428571427,0.42073454207345423,0.004245185338579416,28.083770491803282,0.04878048780487805
2025-02-20,24800.0,14730,40,3,9456,24390,489.46000000000004,17.428571428571427,0.4060483870967742,0.004230118443316413,28.083770491803282,0.075
2025-02-21,38610.0,23440,43,3,9556,26560,489.46000000000004,17.428571428571427,0.3929033929033929,0.004499790707408958,28.083770491803282,0.06976744186046512
2025-02-22,20910.0,11950,42,3,9586,25134,489.46000000000004,17.428571428571427,0.4285031085604974,0.004381389526392656,28.083770491803282,0.07142857142857142
2025-02-23,39710.0,23140,67,6,9244,24961,489.46000000000004,17.428571428571427,0.41727524553009315,0.007247944612721766,28.083770491803282,0.08955223880597014
2025-02-24,32320.0,19100,45,5,9675,26766,558.0271428571428,23.0,0.4090346534653465,0.004651162790697674,24.262049689440992,0.1111111111111111
2025-02-25,40320.0,24140,53,6,9391,25633,558.0271428571428,23.0,0.40128968253968256,0.005643701416249601,24.262049689440992,0.11320754716981132
2025-02-26,20300.0,11810,38,1,9297,25779,558.0271428571428,23.0,0.4182266009852217,0.0040873400021512315,24.262049689440992,0.02631578947368421
2025-02-27,36040.0,21450,47,1,9511,25730,558.0271428571428,23.0,0.40482796892341844,0.004941646514562086,24.262049689440992,0.02127659574468085
2025-02-28,42960.0,25580,62,5,9235,25593,558.0271428571428,23.0,0.40456238361266295,0.006713589604764483,24.262049689440992,0.08064516129032258
2025-03-01,33550.0,19800,50,5,9393,26909,558.0271428571428,23.0,0.4098360655737705,0.005323112956456936,24.262049689440992,0.1
2025-03-02,38300.0,23030,45,2,9838,27471,558.0271428571428,23.0,0.3986945169712794,0.00457410042691604,24.262049689440992,0.044444444444444446
2025-03-03,36820.0,21680,53,5,9784,26735,808.8314285714285,25.857142857142858,0.4111895708853884,0.005417007358953394,31.280773480662983,0.09433962264150944
2025-03-04,49740.0,29640,68,5,9986,27667,808.8314285714285,25.857142857142858,0.4041013268998794,0.00680953334668536,31.280773480662983,0.07352941176470588
2025-03-05,42950.0,25690,59,7,9482,24724,808.8314285714285,25.857142857142858,0.4018626309662398,0.0062223159670955494,31.280773480662983,0.11864406779661017
2025-03-06,27190.0,16120,39,5,9707,26323,808.8314285714285,25.857142857142858,0.4071349760941523,0.00401771917173174,31.280773480662983,0.1282051282051282
2025-03-07,36470.0,21830,50,3,9851,27610,808.8314285714285,25.857142857142858,0.40142582944886207,0.0050756268399147295,31.280773480662983,0.06
2025-03-08,31450.0,18660,42,1,9523,25022,808.8314285714285,25.857142857142858,0.4066772655007949,0.0044103748818649586,31.280773480662983,0.023809523809523808
2025-03-09,28870.0,17000,43,7,9545,26447,808.8314285714285,25.857142857142858,0.4111534464842397,0.004504976427448926,31.280773480662983,0.16279069767441862
2025-03-10,22410.0,12920,42,6,9302,25037,613.1085714285715,17.285714285714285,0.42347166443551987,0.004515158030531069,35.469090909090916,0.14285714285714285
2025-03-11,22180.0,13170,31,3,9527,26783,613.1085714285715,17.285714285714285,0.40622182146077546,0.003253909940170043,35.469090909090916,0.0967741935483871
2025-03-12,53670.0,32240,70,1,10029,27499,613.1085714285715,17.285714285714285,0.39929196944289175,0.006979758699770665,35.469090909090916,0.014285714285714285
2025-03-13,38010.0,22400,52,4,9261,25932,613.1085714285715,17.285714285714285,0.4106813996316759,0.005614944390454594,35.469090909090916,0.07692307692307693
2025-03-14,40280.0,23800,60,2,9626,24630,613.1085714285715,17.285714285714285,0.40913604766633566,0.006233118637024725,35.469090909090916,0.03333333333333333
2025-03-15,28290.0,16870,39,2,9748,26750,613.1085714285715,17.285714285714285,0.40367621067515025,0.004000820681165368,35.469090909090916,0.05128205128205128
2025-03-16,30720.0,18260,47,5,10093,27836,613.1085714285715,17.285714285714285,0.4055989583333333,0.004656692757356584,35.469090909090916,0.10638297872340426
2025-03-17,29660.0,17280,49,5,9523,25962,437.98428571428576,18.428571428571427,0.41739716790289955,0.005145437362175785,23.766589147286826,0.10204081632653061
2025-03-18,54440.0,32770,70,4,9261,26151,437.98428571428576,18.428571428571427,0.39805290227773693,0.007558578987150416,23.766589147286826,0.05714285714285714
2025-03-19,29980.0,17370,57,5,9592,26187,437.98428571428576,18.428571428571427,0.42061374249499667,0.005942452043369475,23.766589147286826,0.08771929824561403
2025-03-20,31890.0,19160,44,5,9599,26559,437.98428571428576,18.428571428571427,0.3991846973973032,0.0045838108136264195,23.766589147286826,0.11363636363636363
2025-03-21,44060.0,26400,55,5,9523,25898,437.98428571428576,18.428571428571427,0.4008170676350431,0.005775490916727922,23.766589147286826,0.09090909090909091
2025-03-22,29860.0,17410,52,2,9638,27103,437.98428571428576,18.428571428571427,0.4169457468184863,0.0053953102303382445,23.766589147286826,0.038461538461538464
2025-03-23,41770.0,24770,59,4,9391,25767,437.98428571428576,18.428571428571427,0.4069906631553747,0.006282611010542009,23.766589147286826,0.06779661016949153
2025-03-24,35480.0,21180,43,5,9758,26329,532.8328571428572,24.428571428571427,0.40304396843291995,0.004406640705062513,21.811871345029243,0.11627906976744186
2025-03-25,38020.0,22290,61,3,9497,26257,532.8328571428572,24.428571428571427,0.41372961599158337,0.006423080972938823,21.811871345029243,0.04918032786885246
2025-03-26,24130.0,14170,42,5,9469,25733,532.8328571428572,24.428571428571427,0.4127641939494405,0.004435526454747069,21.811871345029243,0.11904761904761904
2025-03-27,44940.0,27160,56,3,9876,26288,532.8328571428572,24.428571428571427,0.3956386292834891,0.005670311867152693,21.811871345029243,0.05357142857142857
2025-03-28,42000.0,24920,57,7,9748,25190,532.8328571428572,24.428571428571427,0.4066666666666667,0.005847353303241691,21.811871345029243,0.12280701754385964
2025-03-29,41930.0,24800,58,2,9532,26062,532.8328571428572,24.428571428571427,0.4085380395897925,0.006084767100293748,21.811871345029243,0.034482758620689655
2025-03-30,40750.0,23880,65,2,9678,25318,532.8328571428572,24.428571428571427,0.4139877300613497,0.006716263690845216,21.811871345029243,0.03076923076923077
2025-03-31,30770.0,18320,44,3,9281,25961,638.78,23.428571428571427,0.4046148846278843,0.004740868440900765,27.265,0.06818181818181818
2025-04-01,31850.0,19000,48,1,9664,26664,638.78,23.428571428571427,0.40345368916797486,0.004966887417218543,27.265,0.020833333333333332
2025-04-02,35990.0,21300,54,5,9529,25897,638.78,23.428571428571427,0.4081689358155043,0.005666911533214398,27.265,0.09259259259259259
2025-04-03,49180.0,29130,64,5,9903,26967,638.78,23.428571428571427,0.40768605124034163,0.0064626880743209126,27.265,0.078125
2025-04-04,26710.0,15540,48,2,9287,24440,638.78,23.428571428571427,0.4181954324223137,0.0051685151286744915,27.265,0.041666666666666664
2025-04-05,34920.0,20260,63,3,9703,25429,638.78,23.428571428571427,0.4198167239404353,0.006492837266824693,27.265,0.047619047619047616
2025-04-06,36580.0,21660,57,3,9451,25738,638.78,23.428571428571427,0.4078731547293603,0.006031107819278383,27.265,0.05263157894736842
2025-04-07,30430.0,17960,42,1,9629,26281,584.6214285714286,30.428571428571427,0.40979296746631616,0.004361823657700696,19.212910798122067,0.023809523809523808
2025-04-08,23570.0,13790,39,2,9631,26670,584.6214285714286,30.428571428571427,0.41493423843869326,0.004049423735852975,19.212910798122067,0.05128205128205128
2025-04-09,40510.0,24010,60,2,9776,27925,584.6214285714286,30.428571428571427,0.4073068378178228,0.0061374795417348605,19.212910798122067,0.03333333333333333
2025-04-10,37660.0,22280,50,1,9446,27060,584.6214285714286,30.428571428571427,0.40839086563993626,0.005293245818335804,19.212910798122067,0.02
2025-04-11,38820.0,22970,59,3,9697,27135,584.6214285714286,30.428571428571427,0.40829469345698094,0.0060843559863875425,19.212910798122067,0.05084745762711865
2025-04-12,28960.0,16840,47,3,9493,26451,584.6214285714286,30.428571428571427,0.4185082872928177,0.0049510165385020545,19.212910798122067,0.06382978723404255
2025-04-13,37300.0,22620,42,4,10086,27243,584.6214285714286,30.428571428571427,0.3935656836461126,0.004164187983343248,19.212910798122067,0.09523809523809523
2025-04-14,23720.0,13700,46,2,9829,27494,345.31714285714287,17.857142857142858,0.42242833052276557,0.004680028487129922,19.33776,0.043478260869565216
2025-04-15,31380.0,18760,39,1,9731,26709,345.31714285714287,17.857142857142858,0.4021669853409815,0.004007810091460282,19.33776,0.02564102564102564
2025-04-16,41770.0,24890,53,3,9363,25791,345.31714285714287,17.857142857142858,0.40411778788604263,0.005660578874292428,19.33776,0.05660377358490566
2025-04-17,28750.0,17060,43,7,9869,25684,345.31714285714287,17.857142857142858,0.4066086956521739,0.004357077718107205,19.33776,0.16279069767441862
2025-04-18,27150.0,16240,35,0,9715,26435,345.31714285714287,17.857142857142858,0.40184162062615103,0.003602676273803397,19.33776,0.0
2025-04-19,17220.0,10060,28,1,9583,27839,345.31714285714287,17.857142857142858,0.41579558652729387,0.0029218407596785976,19.33776,0.03571428571428571
2025-04-20,25960.0,15390,41,4,9568,25383,345.31714285714287,17.857142857142858,0.4071648690292758,0.004285117056856187,19.33776,0.0975609756097561
2025-04-21,39130.0,23500,52,6,9810,26513,504.77000000000004,15.857142857142858,0.3994377715307948,0.005300713557594291,31.832342342342343,0.11538461538461539
2025-04-22,44990.0,26630,65,6,9618,26791,504.77000000000004,15.857142857142858,0.40809068681929317,0.006758161779995841,31.832342342342343,0.09230769230769231
2025-04-23,44880.0,26860,58,4,9689,26335,504.77000000000004,15.857142857142858,0.4015151515151515,0.005986169883372897,31.832342342342343,0.06896551724137931
2025-04-24,36830.0,22040,50,6,9777,26330,504.77000000000004,15.857142857142858,0.4015748031496063,0.005114043162524291,31.832342342342343,0.12
2025-04-25,30270.0,18370,30,3,9545,25364,504.77000000000004,15.857142857142858,0.3931285100759828,0.003143006809848088,31.832342342342343,0.1
2025-04-26,33680.0,19880,46,2,9833,25643,504.77000000000004,15.857142857142858,0.40973871733966744,0.004678124682192616,31.832342342342343,0.043478260869565216
2025-04-27,25110.0,14920,38,5,9493,26946,504.77000000000004,15.857142857142858,0.40581441656710476,0.004002949541767618,31.832342342342343,0.13157894736842105
2025-04-28,19140.0,11150,30,4,9444,25103,340.2885714285714,8.571428571428571,0.4174503657262278,0.0031766200762388818,39.70033333333333,0.13333333333333333
2025-04-29,33360.0,19970,45,4,9615,27144,340.2885714285714,8.571428571428571,0.401378896882494,0.0046801872074883,39.70033333333333,0.08888888888888889
2025-04-30,35670.0,20870,57,9,9719,26379,340.2885714285714,8.571428571428571,0.41491449397252594,0.005864800905442947,39.70033333333333,0.15789473684210525
2025-05-01,61520.0,37070,76,4,9181,24664,340.2885714285714,8.571428571428571,0.39743172951885564,0.00827796536325019,39.70033333333333,0.05263157894736842
2025-05-02,56040.0,33480,68,2,9236,25417,340.2885714285714,8.571428571428571,0.4025695931477516,0.0073624945864010395,39.70033333333333,0.029411764705882353
2025-05-03,32870.0,19500,54,6,9506,25897,340.2885714285714,8.571428571428571,0.40675387891694553,0.005680622764569746,39.70033333333333,0.1111111111111111
2025-05-04,34510.0,20230,57,6,9770,26948,340.2885714285714,8.571428571428571,0.41379310344827586,0.005834186284544524,39.70033333333333,0.10526315789473684
2025-05-05,44550.0,26690,56,5,9628,26469,447.1542857142857,16.0,0.4008978675645342,0.005816368923971749,27.947142857142858,0.08928571428571429
2025-05-06,29840.0,17640,53,6,9621,26168,447.1542857142857,16.0,0.40884718498659517,0.0055087828708034504,27.947142857142858,0.11320754716981132
2025-05-07,42990.0,25620,67,4,9685,27041,447.1542857142857,16.0,0.40404745289602234,0.006917914300464636,27.947142857142858,0.05970149253731343
2025-05-08,38280.0,22590,55,4,9571,26443,447.1542857142857,16.0,0.4098746081504702,0.005746525963849128,27.947142857142858,0.07272727272727272
2025-05-09,39590.0,23570,50,1,9203,26420,447.1542857142857,16.0,0.4046476382924981,0.005433010974682169,27.947142857142858,0.02
2025-05-10,35210.0,21050,47,2,9319,26285,447.1542857142857,16.0,0.4021584777051974,0.005043459598669385,27.947142857142858,0.0425531914893617
2025-05-11,22720.0,13670,30,1,9715,26023,447.1542857142857,16.0,0.3983274647887324,0.003088008234688626,27.947142857142858,0.03333333333333333
2025-05-12,26550.0,15310,50,5,9488,26106,556.11,12.714285714285714,0.4233521657250471,0.005269814502529511,43.73898876404495,0.1
2025-05-13,45150.0,27190,53,2,9779,26335,556.11,12.714285714285714,0.3977851605758583,0.005419777073320381,43.73898876404495,0.03773584905660377
2025-05-14,21340.0,12190,48,3,9547,25808,556.11,12.714285714285714,0.4287722586691659,0.0050277574107049335,43.73898876404495,0.0625
2025-05-15,37250.0,22250,48,3,9349,25602,556.11,12.714285714285714,0.40268456375838924,0.005134238956038079,43.73898876404495,0.0625
2025-05-16,22800.0,13260,40,7,9368,25961,556.11,12.714285714285714,0.41842105263157897,0.004269854824935952,43.73898876404495,0.175
2025-05-17,41720.0,25020,51,9,9443,24748,556.11,12.714285714285714,0.400287631831256,0.0054008260086836814,43.73898876404495,0.17647058823529413
2025-05-18,44840.0,26740,58,6,9562,26018,556.11,12.714285714285714,0.40365744870651205,0.006065676636686885,43.73898876404495,0.10344827586206896
2025-05-19,30870.0,17960,46,3,9808,26534,582.0671428571428,22.571428571428573,0.41820537738905084,0.004690048939641109,25.787784810126578,0.06521739130434782
2025-05-20,33610.0,19940,51,2,9341,24854,582.0671428571428,22.571428571428573,0.406724189229396,0.0054598008778503375,25.787784810126578,0.0392156862745098
2025-05-21,27070.0,16320,36,4,9726,25796,582.0671428571428,22.571428571428573,0.3971185814554858,0.003701418877236274,25.787784810126578,0.1111111111111111
2025-05-22,29480.0,17640,35,2,9646,26004,582.0671428571428,22.571428571428573,0.4016282225237449,0.00362844702467344,25.787784810126578,0.05714285714285714
2025-05-23,48910.0,29360,59,5,9352,26052,582.0671428571428,22.571428571428573,0.39971375996728686,0.006308810949529512,25.787784810126578,0.0847457627118644
2025-05-24,19470.0,11280,33,3,9769,27113,582.0671428571428,22.571428571428573,0.4206471494607088,0.003378032551950046,25.787784810126578,0.09090909090909091
2025-05-25,51200.0,30910,60,4,9535,26556,582.0671428571428,22.571428571428573,0.3962890625,0.006292606187729418,25.787784810126578,0.06666666666666667
2025-05-26,39760.0,23670,52,1,9520,25727,434.1842857142857,9.428571428571429,0.4046780684104628,0.0054621848739495795,46.04984848484848,0.019230769230769232
2025-05-27,35180.0,21010,46,1,9808,26649,434.1842857142857,9.428571428571429,0.40278567367822626,0.004690048939641109,46.04984848484848,0.021739130434782608
2025-05-28,37190.0,21960,63,0,9639,25298,434.1842857142857,9.428571428571429,0.4095186878193063,0.006535947712418301,46.04984848484848,0.0
2025-05-29,49820.0,29730,57,5,9522,25346,434.1842857142857,9.428571428571429,0.4032517061421116,0.0059861373660995585,46.04984848484848,0.08771929824561403
2025-05-30,33720.0,19890,56,4,9761,27235,434.1842857142857,9.428571428571429,0.4101423487544484,0.005737117098657925,46.04984848484848,0.07142857142857142
2025-05-31,31310.0,18610,46,2,9433,23727,434.1842857142857,9.428571428571429,0.4056212072820185,0.004876497402735079,46.04984848484848,0.043478260869565216
2025-06-01,42160.0,24590,63,8,9407,25250,434.1842857142857,9.428571428571429,0.41674573055028463,0.006697140427341342,46.04984848484848,0.12698412698412698
2025-06-02,39370.0,23350,57,3,9508,25580,442.79285714285714,12.714285714285714,0.4069088138176276,0.005994951619688683,34.826404494382025,0.05263157894736842
2025-06-03,38410.0,23090,45,3,9762,26366,442.79285714285714,12.714285714285714,0.3988544649830773,0.004609711124769515,34.826404494382025,0.06666666666666667
2025-06-04,23970.0,14150,43,3,9511,26246,442.79285714285714,12.714285714285714,0.4096787651230705,0.004521080853748291,34.826404494382025,0.06976744186046512
2025-06-05,22290.0,13160,32,3,9387,24356,442.79285714285714,12.714285714285714,0.4096007178106774,0.003408969851922872,34.826404494382025,0.09375
2025-06-06,32840.0,19110,61,5,9498,26220,442.79285714285714,12.714285714285714,0.41808769792935446,0.00642240471678248,34.826404494382025,0.08196721311475409
2025-06-07,34050.0,20160,45,5,9508,25598,442.79285714285714,12.714285714285714,0.4079295154185022,0.004732856541859487,34.826404494382025,0.1111111111111111
2025-06-08,29620.0,17420,47,8,9319,26220,442.79285714285714,12.714285714285714,0.41188386225523294,0.005043459598669385,34.826404494382025,0.1702127659574468
2025-06-09,42800.0,25720,52,3,9414,24690,747.7628571428571,17.285714285714285,0.3990654205607477,0.005523688124070533,43.259008264462814,0.057692307692307696
2025-06-10,31420.0,18700,38,3,9116,25953,747.7628571428571,17.285714285714285,0.4048376830044558,0.004168494953927161,43.259008264462814,0.07894736842105263
2025-06-11,42240.0,25450,50,4,9602,26691,747.7628571428571,17.285714285714285,0.3974905303030303,0.005207248489897938,43.259008264462814,0.08
2025-06-12,47560.0,28500,54,3,9407,26712,747.7628571428571,17.285714285714285,0.4007569386038688,0.005740406080578293,43.259008264462814,0.05555555555555555
2025-06-13,31500.0,18360,50,7,9473,26141,747.7628571428571,17.285714285714285,0.41714285714285715,0.0052781589781484214,43.259008264462814,0.14
2025-06-14,49560.0,29530,63,5,9616,25649,747.7628571428571,17.285714285714285,0.40415657788539144,0.006551580698835275,43.259008264462814,0.07936507936507936
2025-06-15,29560.0,17290,48,3,9402,26014,747.7628571428571,17.285714285714285,0.4150879566982409,0.005105296745373325,43.259008264462814,0.0625
2025-06-16,35570.0,21270,49,6,9306,25057,482.11285714285714,11.857142857142858,0.4020241776778184,0.00526542015903718,40.660120481927706,0.12244897959183673
2025-06-17,44040.0,25600,76,2,9582,26946,482.11285714285714,11.857142857142858,0.4187102633969119,0.007931538300981006,40.660120481927706,0.02631578947368421
2025-06-18,38060.0,22330,56,5,9347,25161,482.11285714285714,11.857142857142858,0.41329479768786126,0.00599122713170001,40.660120481927706,0.08928571428571429
2025-06-19,36130.0,21670,43,4,9742,25805,482.11285714285714,11.857142857142858,0.400221422640465,0.004413878053787723,40.660120481927706,0.09302325581395349
2025-06-20,27200.0,16120,43,5,9362,24180,482.11285714285714,11.857142857142858,0.4073529411764706,0.004593035676137578,40.660120481927706,0.11627906976744186
2025-06-21,14740.0,8520,25,5,9685,27862,482.11285714285714,11.857142857142858,0.42198100407055633,0.002581311306143521,40.660120481927706,0.2
2025-06-22,26210.0,15110,49,6,9319,25086,482.11285714285714,11.857142857142858,0.4235024799694773,0.005258074900740423,40.660120481927706,0.12244897959183673
2025-06-23,30540.0,18090,47,4,9376,26393,569.9342857142857,20.571428571428573,0.4076620825147348,0.005012798634812287,27.705138888888886,0.0851063829787234
2025-06-24,43210.0,25730,57,2,9473,27091,569.9342857142857,20.571428571428573,0.404535987040037,0.006017101235089201,27.705138888888886,0.03508771929824561
2025-06-25,48310.0,28850,60,6,9790,28491,569.9342857142857,20.571428571428573,0.4028151521424136,0.006128702757916241,27.705138888888886,0.1
2025-06-26,32800.0,19370,48,4,9607,25737,569.9342857142857,20.571428571428573,0.4094512195121951,0.004996356823149787,27.705138888888886,0.08333333333333333
2025-06-27,38400.0,23160,49,3,9214,26387,569.9342857142857,20.571428571428573,0.396875,0.005317994356414152,27.705138888888886,0.061224489795918366
2025-06-28,39410.0,22990,64,7,9293,24384,569.9342857142857,20.571428571428573,0.41664552144125855,0.006886904121381685,27.705138888888886,0.109375
2025-06-29,20540.0,11850,40,4,9291,25089,569.9342857142857,20.571428571428573,0.4230769230769231,0.0043052416316865785,27.705138888888886,0.1
2025-06-30,38240.0,22840,46,4,9527,27473,719.76,27.142857142857142,0.4027196652719665,0.004828382491865225,26.517473684210525,0.08695652173913043
2025-07-01,50760.0,30340,64,4,9474,26061,719.76,27.142857142857142,0.4022852639873917,0.006755330377876293,26.517473684210525,0.0625
2025-07-02,40610.0,24560,44,5,9822,27351,719.76,27.142857142857142,0.39522285151440534,0.004479739360619018,26.517473684210525,0.11363636363636363
2025-07-03,21700.0,12680,35,3,9287,25798,719.76,27.142857142857142,0.41566820276497696,0.0037687089479918165,26.517473684210525,0.08571428571428572
2025-07-04,35920.0,20900,61,10,9584,26446,719.76,27.142857142857142,0.41815144766146994,0.006364774624373956,26.517473684210525,0.16393442622950818
2025-07-05,44450.0,26790,56,6,9521,26928,719.76,27.142857142857142,0.3973003374578178,0.0058817351118579985,26.517473684210525,0.10714285714285714
2025-07-06,46220.0,27690,55,4,9768,26962,719.76,27.142857142857142,0.40090869753353525,0.00563063063063063,26.517473684210525,0.07272727272727272
2025-07-07,45680.0,27080,70,5,9663,25682,505.8371428571428,21.142857142857142,0.4071803852889667,0.007244127082686536,23.924729729729727,0.07142857142857142
2025-07-08,40170.0,24030,47,5,9602,25677,505.8371428571428,21.142857142857142,0.40179238237490666,0.004894813580504062,23.924729729729727,0.10638297872340426
2025-07-09,20060.0,11880,36,3,9919,28194,505.8371428571428,21.142857142857142,0.4077766699900299,0.0036293981248109687,23.924729729729727,0.08333333333333333
2025-07-10,30620.0,18180,42,4,9229,26603,505.8371428571428,21.142857142857142,0.40627041149575444,0.004550872250514682,23.924729729729727,0.09523809523809523
2025-07-11,46910.0,28100,61,7,9614,26056,505.8371428571428,21.142857142857142,0.4009806011511405,0.00634491366756813,23.924729729729727,0.11475409836065574
2025-07-12,34400.0,20260,53,3,9523,26184,505.8371428571428,21.142857142857142,0.41104651162790695,0.005565473065210543,23.924729729729727,0.05660377358490566
2025-07-13,32080.0,19090,42,4,9746,25693,505.8371428571428,21.142857142857142,0.404925187032419,0.004309460291401601,23.924729729729727,0.09523809523809523
2025-07-14,36110.0,21260,50,3,10054,27991,390.5514285714285,16.714285714285715,0.41124342287455,0.004973145016908693,23.366324786324782,0.06
2025-07-15,42080.0,24940,59,5,9561,26744,390.5514285714285,16.714285714285715,0.407319391634981,0.006170902625248405,23.366324786324782,0.0847457627118644
2025-07-16,44650.0,26970,53,2,9635,25212,390.5514285714285,16.714285714285715,0.3959686450167973,0.0055007784120394395,23.366324786324782,0.03773584905660377
2025-07-17,37520.0,22160,52,6,9361,26174,390.5514285714285,16.714285714285715,0.4093816631130064,0.005554962076701207,23.366324786324782,0.11538461538461539
2025-07-18,26720.0,15800,41,5,9275,25353,390.5514285714285,16.714285714285715,0.4086826347305389,0.004420485175202157,23.366324786324782,0.12195121951219512
2025-07-19,51610.0,30830,64,5,9373,25437,390.5514285714285,16.714285714285715,0.4026351482270878,0.006828123332977702,23.366324786324782,0.078125
2025-07-20,37310.0,21940,60,2,9800,26849,390.5514285714285,16.714285714285715,0.41195389975877783,0.006122448979591836,23.366324786324782,0.03333333333333333
2025-07-21,28790.0,17260,34,3,9784,27304,544.08,20.285714285714285,0.40048627995831887,0.003475061324611611,26.82084507042254,0.08823529411764706
2025-07-22,40670.0,24180,56,2,9311,25579,544.08,20.285714285714285,0.40545856896975657,0.006014391579851788,26.82084507042254,0.03571428571428571
2025-07-23,36200.0,21560,50,6,9732,26778,544.08,20.285714285714285,0.4044198895027624,0.005137690094533498,26.82084507042254,0.12
2025-07-24,28590.0,16850,39,3,9974,28631,544.08,20.285714285714285,0.41063308849247987,0.0039101664327250854,26.82084507042254,0.07692307692307693
2025-07-25,58800.0,35400,66,6,9390,24726,544.08,20.285714285714285,0.3979591836734694,0.007028753993610224,26.82084507042254,0.09090909090909091
2025-07-26,36960.0,22250,49,3,9273,24617,544.08,20.285714285714285,0.3979978354978355,0.005284158309069341,26.82084507042254,0.061224489795918366
2025-07-27,22130.0,12890,42,2,9548,26064,544.08,20.285714285714285,0.4175327609579756,0.004398826979472141,26.82084507042254,0.047619047619047616
2025-07-28,40180.0,24310,48,4,9812,27532,692.1042857142857,17.714285714285715,0.3949726231956197,0.004891969017529555,39.070403225806444,0.08333333333333333
2025-07-29,32340.0,19270,43,9,9403,26333,692.1042857142857,17.714285714285715,0.404143475572047,0.004573008614272041,39.070403225806444,0.20930232558139536
2025-07-30,34320.0,20440,54,4,9671,26740,692.1042857142857,17.714285714285715,0.40442890442890445,0.005583703856891738,39.070403225806444,0.07407407407407407
2025-07-31,29560.0,17790,37,2,9881,27661,692.1042857142857,17.714285714285715,0.39817320703653586,0.0037445602671794353,39.070403225806444,0.05405405405405406
2025-08-01,41860.0,24500,74,8,9467,25280,692.1042857142857,17.714285714285715,0.41471571906354515,0.007816626175134678,39.070403225806444,0.10810810810810811
2025-08-02,43120.0,25480,64,3,9753,26208,692.1042857142857,17.714285714285715,0.4090909090909091,0.006562083461499026,39.070403225806444,0.046875
2025-08-03,29710.0,17190,52,1,9376,25172,692.1042857142857,17.714285714285715,0.4214069336923595,0.005546075085324232,39.070403225806444,0.019230769230769232
2025-08-04,35000.0,20890,51,3,9243,24656,692.1042857142857,65.57142857142857,0.40314285714285714,0.00551768906199286,10.554967320261436,0.058823529411764705
2025-08-05,24530.0,13950,49,2,9475,24642,692.1042857142857,65.57142857142857,0.43130860171218915,0.0051715039577836415,10.554967320261436,0.04081632653061224
2025-08-06,35050.0,20950,43,2,9657,26506,692.1042857142857,65.57142857142857,0.40228245363766046,0.004452728590659625,10.554967320261436,0.046511627906976744
2025-08-07,34380.0,20350,50,5,9861,28087,692.1042857142857,65.57142857142857,0.40808609656777195,0.0050704796673765335,10.554967320261436,0.1
2025-08-08,34450.0,20710,40,4,9415,26360,692.1042857142857,65.57142857142857,0.3988388969521045,0.004248539564524694,10.554967320261436,0.1
2025-08-09,32350.0,19100,47,4,9840,27592,692.1042857142857,65.57142857142857,0.4095826893353941,0.004776422764227642,10.554967320261436,0.0851063829787234
2025-08-10,35450.0,21200,48,6,9687,26015,692.1042857142857,65.57142857142857,0.4019746121297602,0.004955094456488077,10.554967320261436,0.125
2025-08-11,38690.0,22930,52,2,9781,27416,604.7057142857142,19.285714285714285,0.4073403980356681,0.0053164298129025666,31.355111111111107,0.038461538461538464
2025-08-12,31180.0,18320,44,2,9718,26869,604.7057142857142,19.285714285714285,0.4124438742783836,0.00452768059271455,31.355111111111107,0.045454545454545456
2025-08-13,38010.0,22770,46,4,9711,26702,604.7057142857142,19.285714285714285,0.40094711917916337,0.004736896303161363,31.355111111111107,0.08695652173913043
2025-08-14,31940.0,19100,40,4,9233,24058,604.7057142857142,19.285714285714285,0.40200375704445834,0.0043322863641286685,31.355111111111107,0.1
2025-08-15,32420.0,19540,45,1,9669,27104,604.7057142857142,19.285714285714285,0.3972856261566934,0.004654049022649705,31.355111111111107,0.022222222222222223
2025-08-16,19660.0,11440,34,2,9378,26153,604.7057142857142,19.285714285714285,0.41810783316378436,0.0036255065045851993,31.355111111111107,0.058823529411764705
2025-08-17,30020.0,17890,42,5,9532,26180,604.7057142857142,19.285714285714285,0.4040639573617588,0.0044062106588334034,31.355111111111107,0.11904761904761904
2025-08-18,54710.0,32790,67,5,9024,24790,432.1485714285714,15.714285714285714,0.40065801498811915,0.007424645390070922,27.500363636363637,0.07462686567164178
2025-08-19,30560.0,17840,53,2,9333,25609,432.1485714285714,15.714285714285714,0.4162303664921466,0.005678774241937212,27.500363636363637,0.03773584905660377
2025-08-20,46520.0,28060,57,2,9519,27297,432.1485714285714,15.714285714285714,0.3968185726569218,0.005988023952095809,27.500363636363637,0.03508771929824561
2025-08-21,33520.0,19900,50,8,9706,26446,432.1485714285714,15.714285714285714,0.4063245823389022,0.005151452709664125,27.500363636363637,0.16
2025-08-22,40090.0,23570,69,2,9136,24091,432.1485714285714,15.714285714285714,0.41207283611873285,0.007552539404553415,27.500363636363637,0.028985507246376812
2025-08-23,36170.0,21520,48,1,9903,26066,432.1485714285714,15.714285714285714,0.4050317943046724,0.004847016055740685,27.500363636363637,0.020833333333333332
2025-08-24,32600.0,19190,55,2,9494,25820,432.1485714285714,15.714285714285714,0.41134969325153375,0.005793132504739835,27.500363636363637,0.03636363636363636
2025-08-25,33500.0,19810,46,3,9368,25865,597.1014285714285,35.0,0.40865671641791046,0.004910333048676345,17.06004081632653,0.06521739130434782
2025-08-26,21640.0,12370,49,4,9916,26101,597.1014285714285,35.0,0.42837338262476893,0.004941508672851956,17.06004081632653,0.08163265306122448
2025-08-27,32260.0,19480,42,6,9394,25172,597.1014285714285,35.0,0.39615623062616245,0.004470938897168405,17.06004081632653,0.14285714285714285
2025-08-28,26100.0,15130,43,3,9682,26170,597.1014285714285,35.0,0.42030651340996167,0.0044412311505887215,17.06004081632653,0.06976744186046512
2025-08-29,43170.0,25610,59,6,9806,27527,597.1014285714285,35.0,0.4067639564512393,0.006016724454415664,17.06004081632653,0.1016949152542373
2025-08-30,42140.0,25190,58,3,9458,26504,597.1014285714285,35.0,0.4022306597057428,0.006132374709240854,17.06004081632653,0.05172413793103448
2025-08-31,40110.0,23670,56,3,9445,27005,597.1014285714285,35.0,0.4098728496634256,0.005929062996294336,17.06004081632653,0.05357142857142857
2025-09-01,33110.0,19600,49,4,9317,26356,491.24142857142857,15.571428571428571,0.4080338266384778,0.005259203606311044,31.547614678899084,0.08163265306122448
2025-09-02,50170.0,30370,52,5,9323,24657,491.24142857142857,15.571428571428571,0.3946581622483556,0.00557760377560871,31.547614678899084,0.09615384615384616
2025-09-03,27310.0,16400,41,2,9352,25454,491.24142857142857,15.571428571428571,0.3994873672647382,0.004384088964927289,31.547614678899084,0.04878048780487805
2025-09-04,32190.0,19040,47,5,9790,27246,491.24142857142857,15.571428571428571,0.40851196023609815,0.004800817160367722,31.547614678899084,0.10638297872340426
2025-09-05,33200.0,19850,46,3,9496,26910,491.24142857142857,15.571428571428571,0.40210843373493976,0.004844144903117102,31.547614678899084,0.06521739130434782
2025-09-06,41360.0,24650,51,4,10040,28164,491.24142857142857,15.571428571428571,0.4040135396518375,0.005079681274900398,31.547614678899084,0.0784313725490196
2025-09-07,28680.0,17060,40,6,9081,24228,491.24142857142857,15.571428571428571,0.405160390516039,0.0044048012333443454,31.547614678899084,0.15
2025-09-08,28900.0,16960,45,1,9495,25139,615.61,17.714285714285715,0.41314878892733564,0.004739336492890996,34.75217741935484,0.022222222222222223
2025-09-09,44730.0,26530,65,3,9497,25470,615.61,17.714285714285715,0.40688575899843504,0.006844266610508582,34.75217741935484,0.046153846153846156
2025-09-10,26350.0,15080,52,7,9321,25164,615.61,17.714285714285715,0.4277039848197344,0.005578800557880056,34.75217741935484,0.1346153846153846
2025-09-11,33890.0,20050,52,5,9153,25174,615.61,17.714285714285715,0.4083800531130127,0.005681197421610401,34.75217741935484,0.09615384615384616
2025-09-12,32570.0,19400,42,2,9771,26098,615.61,17.714285714285715,0.40435984034387473,0.004298434141848327,34.75217741935484,0.047619047619047616
2025-09-13,29590.0,17490,50,5,9655,26804,615.61,17.714285714285715,0.40892193308550184,0.005178663904712584,34.75217741935484,0.1
2025-09-14,38670.0,22980,55,3,9931,27049,615.61,17.714285714285715,0.4057408844065167,0.005538213674353036,34.75217741935484,0.05454545454545454
2025-09-15,40230.0,24020,55,4,9753,27795,459.61857142857144,27.142857142857142,0.40293313447675866,0.005639290474725726,16.933315789473685,0.07272727272727272
2025-09-16,40320.0,23770,53,6,9384,26462,459.61857142857144,27.142857142857142,0.4104662698412698,0.005647911338448423,16.933315789473685,0.11320754716981132
2025-09-17,43340.0,25850,60,4,9169,25319,459.61857142857144,27.142857142857142,0.4035532994923858,0.006543788853746319,16.933315789473685,0.06666666666666667
2025-09-18,27470.0,16500,36,1,9260,26373,459.61857142857144,27.142857142857142,0.3993447397160539,0.0038876889848812094,16.933315789473685,0.027777777777777776
2025-09-19,30560.0,17970,56,3,9656,27321,459.61857142857144,27.142857142857142,0.4119764397905759,0.00579950289975145,16.933315789473685,0.05357142857142857
2025-09-20,33670.0,19680,55,6,9528,25626,459.61857142857144,27.142857142857142,0.4155034155034155,0.0057724601175482785,16.933315789473685,0.10909090909090909
2025-09-21,34280.0,20250,45,1,9297,23833,459.61857142857144,27.142857142857142,0.40927654609101516,0.00484027105517909,16.933315789473685,0.022222222222222223
2025-09-22,55150.0,32960,73,5,9253,26377,469.58142857142855,9.714285714285714,0.40235720761559385,0.007889333189235924,48.33926470588236,0.0684931506849315
2025-09-23,40700.0,24280,58,4,9893,27395,469.58142857142855,9.714285714285714,0.40343980343980346,0.0058627312240978465,48.33926470588236,0.06896551724137931
2025-09-24,33550.0,19930,43,3,9238,24995,469.58142857142855,9.714285714285714,0.4059612518628912,0.004654687161723316,48.33926470588236,0.06976744186046512
2025-09-25,39960.0,24050,46,3,9515,27326,469.58142857142855,9.714285714285714,0.39814814814814814,0.0048344718864950075,48.33926470588236,0.06521739130434782
2025-09-26,38050.0,22820,45,1,9407,25116,469.58142857142855,9.714285714285714,0.4002628120893561,0.004783671733815244,48.33926470588236,0.022222222222222223
2025-09-27,26460.0,15720,38,3,9674,27419,469.58142857142855,9.714285714285714,0.40589569160997735,0.00392805457928468,48.33926470588236,0.07894736842105263
2025-09-28,56690.0,33910,73,9,9432,24698,469.58142857142855,9.714285714285714,0.4018345387193509,0.00773960983884648,48.33926470588236,0.1232876712328767
2025-09-29,37130.0,21900,66,2,9665,26679,807.6942857142858,45.42857142857143,0.41018044707783463,0.006828763579927574,17.779433962264154,0.030303030303030304
2025-09-30,46460.0,27770,55,8,9539,25769,807.6942857142858,45.42857142857143,0.4022815325010762,0.005765803543348359,17.779433962264154,0.14545454545454545
2025-10-01,48195.0,32880,75,3,11563,31972,807.6942857142858,45.42857142857143,0.31777155306567073,0.006486206001902621,17.779433962264154,0.04
2025-10-02,31910.0,22200,48,5,12127,33942,807.6942857142858,45.42857142857143,0.3042933249764964,0.003958110002473819,17.779433962264154,0.10416666666666667
2025-10-03,33625.0,22860,63,5,11684,31367,807.6942857142858,45.42857142857143,0.3201486988847584,0.005391989044847655,17.779433962264154,0.07936507936507936
2025-10-04,47835.0,32380,90,4,12071,31786,807.6942857142858,45.42857142857143,0.3230897878122713,0.007455886007787259,17.779433962264154,0.044444444444444446
2025-10-05,27160.0,18700,51,3,11715,31463,807.6942857142858,45.42857142857143,0.3114874815905744,0.004353393085787452,17.779433962264154,0.058823529411764705
2025-10-06,40955.0,28400,66,8,11652,32006,1089.6285714285714,25.714285714285715,0.30655597607129775,0.005664263645726055,42.37444444444444,0.12121212121212122
2025-10-07,39435.0,27120,63,5,12379,33375,1089.6285714285714,25.714285714285715,0.3122860403195131,0.005089264076258179,42.37444444444444,0.07936507936507936
2025-10-08,67020.0,46870,91,8,11751,32263,1089.6285714285714,25.714285714285715,0.3006565204416592,0.007744021785379968,42.37444444444444,0.08791208791208792
2025-10-09,54050.0,37210,85,7,12341,33506,1089.6285714285714,25.714285714285715,0.31156336725254397,0.006887610404343246,42.37444444444444,0.08235294117647059
2025-10-10,37605.0,25370,69,6,11568,32752,1089.6285714285714,25.714285714285715,0.325355670788459,0.005964730290456431,42.37444444444444,0.08695652173913043
2025-10-11,47505.0,32820,78,6,12151,32762,1089.6285714285714,25.714285714285715,0.30912535522576573,0.006419224755164184,42.37444444444444,0.07692307692307693
2025-10-12,39440.0,26650,73,5,11741,31986,1089.6285714285714,25.714285714285715,0.32429006085192696,0.006217528319563921,42.37444444444444,0.0684931506849315
2025-10-13,35955.0,25300,49,4,11873,33099,1184.5914285714284,80.57142857142857,0.29634265053539144,0.0041270108649877875,14.702375886524822,0.08163265306122448
2025-10-14,46250.0,31720,78,5,11792,32642,1184.5914285714284,80.57142857142857,0.31416216216216214,0.0066146540027137045,14.702375886524822,0.0641025641025641
2025-10-15,45155.0,30460,87,9,11918,33564,1184.5914285714284,80.57142857142857,0.3254346141069649,0.007299882530625944,14.702375886524822,0.10344827586206896
2025-10-16,51590.0,35160,90,4,11480,32274,1184.5914285714284,80.57142857142857,0.3184725722039155,0.0078397212543554,14.702375886524822,0.044444444444444446
2025-10-17,50765.0,35160,84,6,11885,31146,1184.5914285714284,80.57142857142857,0.30739682852358907,0.0070677324358435,14.702375886524822,0.07142857142857142
2025-10-18,44025.0,30510,75,11,11998,33391,1184.5914285714284,80.57142857142857,0.30698466780238504,0.006251041840306718,14.702375886524822,0.14666666666666667
2025-10-19,52235.0,36140,76,5,11858,32160,1184.5914285714284,80.57142857142857,0.30812673494783194,0.0064091752403440715,14.702375886524822,0.06578947368421052
2025-10-20,51770.0,35150,97,9,12115,30644,813.1700000000001,27.142857142857142,0.32103534865752364,0.00800660338423442,29.958894736842108,0.09278350515463918
2025-10-21,52625.0,35740,94,10,11683,31501,813.1700000000001,27.142857142857142,0.32085510688836105,0.008045878627064967,29.958894736842108,0.10638297872340426
2025-10-22,49645.0,33330,91,8,11992,34735,813.1700000000001,27.142857142857142,0.32863329640447175,0.007588392261507672,29.958894736842108,0.08791208791208792
2025-10-23,47585.0,32760,81,5,12338,32906,813.1700000000001,27.142857142857142,0.31154775664600187,0.006565083481925758,29.958894736842108,0.06172839506172839
2025-10-24,56295.0,39170,84,5,12564,33012,813.1700000000001,27.142857142857142,0.30420108357758235,0.0066857688634192934,29.958894736842108,0.05952380952380952
2025-10-25,32690.0,22730,48,1,11614,32756,813.1700000000001,27.142857142857142,0.30468033037626185,0.004132942999827794,29.958894736842108,0.020833333333333332
2025-10-26,50455.0,34960,79,7,12308,32734,813.1700000000001,27.142857142857142,0.3071053413933208,0.006418589535261619,29.958894736842108,0.08860759493670886
2025-10-27,48330.0,33500,73,6,12015,32881,769.58,62.285714285714285,0.3068487481895303,0.006075738660008323,12.355642201834863,0.0821917808219178
2025-10-28,41045.0,28000,69,10,12271,34874,769.58,62.285714285714285,0.31782190278962114,0.005623013609322793,12.355642201834863,0.14492753623188406
2025-10-29,48415.0,33070,78,9,11783,32154,769.58,62.285714285714285,0.31694722709903955,0.006619706356615463,12.355642201834863,0.11538461538461539
2025-10-30,46185.0,32340,67,8,12038,33917,769.58,62.285714285714285,0.29977265345891524,0.005565708589466689,12.355642201834863,0.11940298507462686
2025-10-31,36600.0,25310,54,5,12202,33968,769.58,62.285714285714285,0.30846994535519123,0.004425504015735125,12.355642201834863,0.09259259259259259
2025-11-01,29660.0,17280,52,5,9365,25296,769.58,62.285714285714285,0.41739716790289955,0.005552589428723972,12.355642201834863,0.09615384615384616
2025-11-02,35400.0,20740,61,8,9299,25823,769.58,62.285714285714285,0.41412429378531074,0.0065598451446392085,12.355642201834863,0.13114754098360656
2025-11-03,43280.0,25720,57,3,9509,28240,658.3928571428571,27.142857142857142,0.40573012939001846,0.005994321169418446,24.25657894736842,0.05263157894736842
2025-11-04,30870.0,18180,48,1,9686,26501,658.3928571428571,27.142857142857142,0.4110787172011662,0.004955606029320669,24.25657894736842,0.020833333333333332
2025-11-05,37760.0,22580,48,3,9885,28124,658.3928571428571,27.142857142857142,0.4020127118644068,0.004855842185128983,24.25657894736842,0.0625
2025-11-06,36430.0,21450,52,6,9568,25788,658.3928571428571,27.142857142857142,0.4111995608015372,0.005434782608695652,24.25657894736842,0.11538461538461539
2025-11-07,36900.0,21690,58,11,9607,27036,658.3928571428571,27.142857142857142,0.4121951219512195,0.006037264494639326,24.25657894736842,0.1896551724137931
2025-11-08,23090.0,13770,33,1,9567,25803,658.3928571428571,27.142857142857142,0.4036379385015158,0.003449357165255566,24.25657894736842,0.030303030303030304
2025-11-09,28570.0,16850,49,2,9606,26329,658.3928571428571,27.142857142857142,0.4102205110255513,0.005100978555069748,24.25657894736842,0.04081632653061224
2025-11-10,44710.0,26700,59,8,9697,25588,693.6671428571428,32.57142857142857,0.4028181614851264,0.0060843559863875425,21.296798245614035,0.13559322033898305
2025-11-11,32320.0,19290,44,2,9692,25510,693.6671428571428,32.57142857142857,0.4031559405940594,0.004539826661163846,21.296798245614035,0.045454545454545456
2025-11-12,45250.0,27080,62,5,9486,27195,693.6671428571428,32.57142857142857,0.40154696132596684,0.006535947712418301,21.296798245614035,0.08064516129032258
2025-11-13,29980.0,18020,42,6,9521,26930,693.6671428571428,32.57142857142857,0.3989326217478319,0.004411301333893498,21.296798245614035,0.14285714285714285
2025-11-14,32320.0,19350,42,4,9321,25193,693.6671428571428,32.57142857142857,0.40129950495049505,0.004505954296749276,21.296798245614035,0.09523809523809523
2025-11-15,51920.0,31110,66,3,9496,26725,693.6671428571428,32.57142857142857,0.400808936825886,0.0069502948609941025,21.296798245614035,0.045454545454545456
2025-11-16,33570.0,19730,52,3,9550,26089,693.6671428571428,32.57142857142857,0.41227286267500746,0.005445026178010471,21.296798245614035,0.057692307692307696
2025-11-17,24560.0,14890,30,4,9777,27482,612.9085714285713,12.428571428571429,0.3937296416938111,0.003068425897514575,49.314482758620684,0.13333333333333333
2025-11-18,51230.0,30690,62,2,9396,25012,612.9085714285713,12.428571428571429,0.4009369510052703,0.00659855257556407,49.314482758620684,0.03225806451612903
2025-11-19,38290.0,22810,54,3,9366,26335,612.9085714285713,12.428571428571429,0.4042831026377644,0.005765534913516977,49.314482758620684,0.05555555555555555
2025-11-20,35070.0,20950,48,3,9566,27165,612.9085714285713,12.428571428571429,0.4026233247790134,0.005017771273259461,49.314482758620684,0.0625
2025-11-21,25860.0,15350,41,4,9456,25927,612.9085714285713,12.428571428571429,0.40641918020108275,0.004335871404399323,49.314482758620684,0.0975609756097561
2025-11-22,36800.0,22160,39,4,9595,25635,612.9085714285713,12.428571428571429,0.3978260869565217,0.004064616988014591,49.314482758620684,0.10256410256410256
2025-11-23,53870.0,32220,70,2,9515,25833,612.9085714285713,12.428571428571429,0.40189344718767406,0.007356805044666317,49.314482758620684,0.02857142857142857
2025-11-24,36620.0,21700,49,4,9444,25224,389.73857142857145,10.857142857142858,0.4074276351720371,0.00518847945785684,35.89697368421053,0.08163265306122448
2025-11-25,30470.0,18240,39,4,9557,26406,389.73857142857145,10.857142857142858,0.4013784049885133,0.0040807784869729,35.89697368421053,0.10256410256410256
2025-11-26,37720.0,22170,57,4,9643,25707,389.73857142857145,10.857142857142858,0.41224814422057265,0.005911023540391994,35.89697368421053,0.07017543859649122
2025-11-27,37230.0,22310,51,4,9968,27400,389.73857142857145,10.857142857142858,0.40075208165457965,0.005116372391653291,35.89697368421053,0.0784313725490196
2025-11-28,29670.0,17630,46,4,9153,25721,389.73857142857145,10.857142857142858,0.4057971014492754,0.005025674642193816,35.89697368421053,0.08695652173913043
2025-11-29,40560.0,23580,70,7,9532,26900,389.73857142857145,10.857142857142858,0.41863905325443784,0.007343684431389006,35.89697368421053,0.1
2025-11-30,36970.0,22080,49,2,9243,25710,389.73857142857145,10.857142857142858,0.4027589937787395,0.005301309098777453,35.89697368421053,0.04081632653061224
2025-12-01,33580.0,19780,55,3,9418,25612,670.9514285714286,40.0,0.410958904109589,0.0058398810787853046,16.773785714285715,0.05454545454545454
2025-12-02,28490.0,16990,39,3,9573,26509,670.9514285714286,40.0,0.40365040365040367,0.00407395800689439,16.773785714285715,0.07692307692307693
2025-12-03,35060.0,20770,53,6,9432,25711,670.9514285714286,40.0,0.40758699372504276,0.005619168787107718,16.773785714285715,0.11320754716981132
2025-12-04,35940.0,21720,38,3,9591,25932,670.9514285714286,40.0,0.39565943238731216,0.003962047753101866,16.773785714285715,0.07894736842105263
2025-12-05,49690.0,29780,62,11,9344,26207,670.9514285714286,40.0,0.4006842423022741,0.006635273972602739,16.773785714285715,0.1774193548387097
2025-12-06,38950.0,23000,54,5,9453,25170,670.9514285714286,40.0,0.40949935815147626,0.005712472231037766,16.773785714285715,0.09259259259259259
2025-12-07,20850.0,11710,50,3,9587,25548,670.9514285714286,40.0,0.4383693045563549,0.005215395848544905,16.773785714285715,0.06
2025-12-08,18110.0,10150,41,4,9574,27700,493.69,13.285714285714286,0.4395361678630591,0.004282431585544182,37.159462365591395,0.0975609756097561
2025-12-09,61740.0,37360,65,2,9702,26284,493.69,13.285714285714286,0.394881762228701,0.006699649556792414,37.159462365591395,0.03076923076923077
2025-12-10,57050.0,34410,62,3,9728,26279,493.69,13.285714285714286,0.3968448729184926,0.006373355263157895,37.159462365591395,0.04838709677419355
2025-12-11,19880.0,11870,33,4,9564,26741,493.69,13.285714285714286,0.4029175050301811,0.003450439146800502,37.159462365591395,0.12121212121212122
2025-12-12,37970.0,22690,53,2,9725,27469,493.69,13.285714285714286,0.40242296549907824,0.0054498714652956295,37.159462365591395,0.03773584905660377
2025-12-13,32600.0,18950,59,6,9513,26145,493.69,13.285714285714286,0.4187116564417178,0.006202039314622096,37.159462365591395,0.1016949152542373
2025-12-14,35060.0,20930,48,4,9959,27220,493.69,13.285714285714286,0.4030233884768967,0.004819761020182749,37.159462365591395,0.08333333333333333
2025-12-15,30980.0,18350,44,2,9800,26132,588.1671428571428,21.857142857142858,0.407682375726275,0.004489795918367347,26.909607843137252,0.045454545454545456
2025-12-16,47080.0,28110,66,3,9886,26499,588.1671428571428,21.857142857142858,0.4029311809685642,0.006676107626947198,26.909607843137252,0.045454545454545456
2025-12-17,39360.0,23630,52,3,9764,27818,588.1671428571428,21.857142857142858,0.39964430894308944,0.005325686194182712,26.909607843137252,0.057692307692307696
2025-12-18,24830.0,14520,38,1,9385,25807,588.1671428571428,21.857142857142858,0.41522351993556184,0.004049014384656367,26.909607843137252,0.02631578947368421
2025-12-19,35070.0,20850,48,3,9165,25093,588.1671428571428,21.857142857142858,0.40547476475620187,0.005237315875613748,26.909607843137252,0.0625
2025-12-20,31300.0,18060,54,6,9836,27255,588.1671428571428,21.857142857142858,0.4230031948881789,0.005490036600244001,26.909607843137252,0.1111111111111111
2025-12-21,28110.0,16820,37,3,9767,27109,588.1671428571428,21.857142857142858,0.4016364283173248,0.003788266612061022,26.909607843137252,0.08108108108108109
2025-12-22,40110.0,23740,52,2,9456,25956,394.46571428571434,20.0,0.4081276489653453,0.005499153976311337,19.723285714285716,0.038461538461538464
2025-12-23,26470.0,15440,45,0,9524,26138,394.46571428571434,20.0,0.4166981488477522,0.0047249055018899625,19.723285714285716,0.0
2025-12-24,35230.0,21210,37,5,9489,26540,394.46571428571434,20.0,0.39795628725518023,0.003899251765201813,19.723285714285716,0.13513513513513514
2025-12-25,24350.0,14280,44,10,9766,28302,394.46571428571434,20.0,0.4135523613963039,0.004505426991603522,19.723285714285716,0.22727272727272727
2025-12-26,41780.0,25000,49,4,9679,26436,394.46571428571434,20.0,0.4016275730014361,0.005062506457278644,19.723285714285716,0.08163265306122448
2025-12-27,17730.0,10400,28,1,9401,25650,394.46571428571434,20.0,0.41342357586012407,0.0029784065524944155,19.723285714285716,0.03571428571428571
2025-12-28,29140.0,17170,40,4,9580,27460,394.46571428571434,20.0,0.4107755662319835,0.0041753653444676405,19.723285714285716,0.1
2025-12-29,35940.0,21460,46,3,9586,25082,505.85714285714283,16.857142857142858,0.4028937117417919,0.004798664719382432,30.008474576271183,0.06521739130434782
2025-12-30,25220.0,15070,34,2,9513,25980,505.85714285714283,16.857142857142858,0.40245836637589216,0.0035740565541890045,30.008474576271183,0.058823529411764705
2025-12-31,32880.0,19570,47,7,9332,26002,505.85714285714283,16.857142857142858,0.4048053527980535,0.00503643377625375,30.008474576271183,0.14893617021276595
2026-01-01,35360.0,21020,51,3,9633,27212,0.0,0.0,0.40554298642533937,0.005294300840859545,0.0,0.058823529411764705
2026-01-02,31360.0,18740,43,3,9282,24796,0.0,0.0,0.4024234693877551,0.004632622279681103,0.0,0.06976744186046512
2026-01-03,42160.0,25070,58,5,9417,25625,0.0,0.0,0.4053605313092979,0.006159074015079112,0.0,0.08620689655172414
2026-01-04,29720.0,17600,46,3,9382,26758,0.0,0.0,0.4078061911170929,0.004903005755702409,0.0,0.06521739130434782
2026-01-05,35050.0,21010,47,2,9224,24663,0.0,0.0,0.40057061340941513,0.005095403295750217,0.0,0.0425531914893617
2026-01-06,36030.0,21310,58,6,9760,27298,0.0,0.0,0.4085484318623369,0.005942622950819672,0.0,0.10344827586206896
2026-01-07,38210.0,22610,59,6,10036,28020,0.0,0.0,0.408270086364826,0.005878836189717019,0.0,0.1016949152542373
2026-01-08,31760.0,18460,53,10,9193,25443,0.0,0.0,0.41876574307304787,0.005765256173175242,0.0,0.18867924528301888
2026-01-09,29950.0,17380,58,4,9314,27314,0.0,0.0,0.41969949916527544,0.00622718488297187,0.0,0.06896551724137931
2026-01-10,31660.0,18580,51,3,9767,26477,0.0,0.0,0.4131396083385976,0.005221664789597624,0.0,0.058823529411764705
2026-01-11,23350.0,13890,34,3,9690,26677,0.0,0.0,0.4051391862955032,0.0035087719298245615,0.0,0.08823529411764706
2026-01-12,37370.0,21840,57,3,9517,25871,0.0,0.0,0.4155739898314156,0.005989282336870863,0.0,0.05263157894736842
2026-01-13,42200.0,25550,44,2,9853,27849,0.0,0.0,0.39454976303317535,0.004465644981223993,0.0,0.045454545454545456
2026-01-14,29330.0,17440,48,0,9368,25700,0.0,0.0,0.4053869757927037,0.005123825789923143,0.0,0.0
2026-01-15,30750.0,18380,42,6,9807,26874,0.0,0.0,0.40227642276422765,0.004282655246252677,0.0,0.14285714285714285
2026-01-16,32650.0,18810,61,4,9775,25695,0.0,0.0,0.4238897396630934,0.006240409207161126,0.0,0.06557377049180328
2026-01-17,30170.0,18020,43,4,9458,26561,0.0,0.0,0.4027179317202519,0.004546415732713047,0.0,0.09302325581395349
2026-01-18,49740.0,29420,63,6,9555,27604,0.0,0.0,0.4085243264977885,0.006593406593406593,0.0,0.09523809523809523
2026-01-19,40200.0,24090,52,3,9869,25620,0.0,0.0,0.4007462686567164,0.0052690242172459215,0.0,0.057692307692307696
2026-01-20,52070.0,31640,53,9,9453,26751,0.0,0.0,0.3923564432494719,0.00560668570824077,0.0,0.16981132075471697
2026-01-21,40580.0,23890,56,2,9739,26971,0.0,0.0,0.41128634795465746,0.005750077009959955,0.0,0.03571428571428571
2026-01-22,18440.0,10610,30,4,9237,25936,0.0,0.0,0.42462039045553146,0.003247807729782397,0.0,0.13333333333333333
2026-01-23,44030.0,26100,60,9,9548,26331,0.0,0.0,0.407222348398819,0.006284038542103058,0.0,0.15
2026-01-24,42630.0,25920,50,5,9380,25518,0.0,0.0,0.3919774806474314,0.005330490405117271,0.0,0.1
2026-01-25,38950.0,23240,50,9,9558,27549,0.0,0.0,0.40333761232349163,0.0052312199204854574,0.0,0.18
2026-01-26,27910.0,16370,47,5,9346,25849,0.0,0.0,0.41347187388032963,0.005028889364433982,0.0,0.10638297872340426
2026-01-27,35080.0,21040,45,5,9676,26784,0.0,0.0,0.40022805017103763,0.0046506821000413395,0.0,0.1111111111111111
2026-01-28,25340.0,15240,34,6,9534,26865,0.0,0.0,0.39857932123125495,0.0035661841829242712,0.0,0.17647058823529413
2026-01-29,24050.0,14110,42,3,9724,27056,0.0,0.0,0.41330561330561333,0.0043192102015631425,0.0,0.07142857142857142
2026-01-30,37420.0,22490,48,5,9639,28066,0.0,0.0,0.39898450026723675,0.004979769685652039,0.0,0.10416666666666667
2026-01-31,48860.0,29080,60,7,9717,26212,0.0,0.0,0.40483012689316417,0.006174745291756715,0.0,0.11666666666666667
2026-02-01,40550.0,24450,51,4,9694,27166,0.0,0.0,0.3970406905055487,0.005260986177016712,0.0,0.0784313725490196
2026-02-02,29720.0,17600,44,2,9681,26118,0.0,0.0,0.4078061911170929,0.004544985022208449,0.0,0.045454545454545456
2026-02-03,43450.0,25990,53,3,10082,26440,0.0,0.0,0.40184119677790564,0.005256893473517159,0.0,0.05660377358490566
2026-02-04,20190.0,12000,32,1,9366,24492,0.0,0.0,0.40564635958395245,0.003416613282084134,0.0,0.03125
2026-02-05,28580.0,16890,49,6,9469,26670,0.0,0.0,0.4090272918124563,0.0051747808638715805,0.0,0.12244897959183673
2026-02-06,37720.0,22580,50,4,9743,26926,0.0,0.0,0.40137857900318136,0.005131889561736632,0.0,0.08
2026-02-07,29750.0,17540,49,8,9490,27017,0.0,0.0,0.41042016806722686,0.005163329820864067,0.0,0.16326530612244897
2026-02-08,34220.0,20260,46,7,9679,26205,0.0,0.0,0.40794856808883695,0.0047525570823432174,0.0,0.15217391304347827
2026-02-09,28660.0,17130,43,5,9754,27629,0.0,0.0,0.40230286113049546,0.0044084478162805,0.0,0.11627906976744186
2026-02-10,17100.0,10240,28,4,9542,26443,0.0,0.0,0.40116959064327484,0.002934395304967512,0.0,0.14285714285714285
2026-02-11,43090.0,25730,55,10,9419,24600,0.0,0.0,0.4028776978417266,0.005839261068053933,0.0,0.18181818181818182
2026-02-12,36260.0,21620,52,5,9254,25305,0.0,0.0,0.40375068946497517,0.0056191917008861034,0.0,0.09615384615384616
2026-02-13,42720.0,25420,59,1,9459,27216,0.0,0.0,0.4049625468164794,0.006237445818796913,0.0,0.01694915254237288
2026-02-14,46050.0,27760,56,9,9434,26630,0.0,0.0,0.39717698154180237,0.005935976256094976,0.0,0.16071428571428573
2026-02-15,34620.0,20830,43,1,9464,25811,0.0,0.0,0.39832466782206816,0.004543533389687236,0.0,0.023255813953488372
2026-02-16,39480.0,23530,54,6,9293,23414,0.0,0.0,0.40400202634245186,0.0058108253524157966,0.0,0.1111111111111111
2026-02-17,33130.0,19820,40,1,9677,26664,0.0,0.0,0.4017506791427709,0.004133512452206263,0.0,0.025
2026-02-18,24140.0,14500,30,2,9348,27374,0.0,0.0,0.3993371996685998,0.003209242618741977,0.0,0.06666666666666667
2026-02-19,34670.0,20110,57,3,9765,25992,0.0,0.0,0.4199596192673781,0.005837173579109063,0.0,0.05263157894736842
2026-02-20,42270.0,25350,56,2,9404,25715,0.0,0.0,0.40028388928317954,0.005954912803062527,0.0,0.03571428571428571
2026-02-21,34440.0,20540,47,3,9625,28015,0.0,0.0,0.40360046457607435,0.004883116883116883,0.0,0.06382978723404255
2026-02-22,41520.0,24800,56,3,9289,25008,0.0,0.0,0.4026974951830443,0.006028636021100226,0.0,0.05357142857142857
2026-02-23,32200.0,18930,54,5,9674,25718,0.0,0.0,0.412111801242236,0.0055819722968782305,0.0,0.09259259259259259
2026-02-24,53290.0,31970,61,5,9586,26129,0.0,0.0,0.400075060987052,0.006363446693094095,0.0,0.08196721311475409
2026-02-25,44840.0,26770,59,5,9540,25596,0.0,0.0,0.4029884032114184,0.0061844863731656185,0.0,0.0847457627118644
2026-02-26,30390.0,17920,54,2,9846,26828,0.0,0.0,0.41033234616650216,0.005484460694698354,0.0,0.037037037037037035
2026-02-27,36340.0,21450,51,5,9596,27701,0.0,0.0,0.4097413318657127,0.00531471446436015,0.0,0.09803921568627451
2026-02-28,20660.0,11940,42,5,9409,26127,0.0,0.0,0.4220716360116166,0.004463811244553088,0.0,0.11904761904761904
2026-03-01,36640.0,21400,57,2,9365,25003,0.0,0.0,0.41593886462882096,0.006086492258408969,0.0,0.03508771929824561
2026-03-02,36100.0,21850,36,2,9559,26333,0.0,0.0,0.39473684210526316,0.003766084318443352,0.0,0.05555555555555555
2026-03-03,33380.0,19690,53,6,9603,25331,0.0,0.0,0.4101258238466147,0.005519108611892117,0.0,0.11320754716981132
2026-03-04,28780.0,17000,44,3,9531,26790,0.0,0.0,0.40931202223766505,0.004616514531528696,0.0,0.06818181818181818
2026-03-05,46780.0,27830,62,4,9740,27320,0.0,0.0,0.40508764429243266,0.006365503080082135,0.0,0.06451612903225806
2026-03-06,31830.0,18460,54,3,9624,27046,0.0,0.0,0.42004398366321083,0.005610972568578554,0.0,0.05555555555555555
2026-03-07,45060.0,26880,65,8,9444,25492,0.0,0.0,0.40346205059920104,0.006882676831850911,0.0,0.12307692307692308
2026-03-08,30830.0,18270,41,1,9796,27774,0.0,0.0,0.4073953940966591,0.004185381788485096,0.0,0.024390243902439025
2026-03-09,40150.0,23530,62,6,9713,26350,0.0,0.0,0.41394769613947696,0.006383197776176259,0.0,0.0967741935483871
2026-03-10,24830.0,14330,49,4,9523,26553,0.0,0.0,0.42287555376560615,0.005145437362175785,0.0,0.08163265306122448
2026-03-11,29450.0,17260,43,1,9326,24893,0.0,0.0,0.41392190152801356,0.00461076560154407,0.0,0.023255813953488372
2026-03-12,30370.0,18450,34,2,9705,27510,0.0,0.0,0.3924925913730655,0.0035033487892838742,0.0,0.058823529411764705
2026-03-13,45180.0,27200,51,7,9322,25579,0.0,0.0,0.3979637007525454,0.00547092898519631,0.0,0.13725490196078433
2026-03-14,50900.0,30550,63,4,10035,28350,0.0,0.0,0.39980353634577603,0.006278026905829596,0.0,0.06349206349206349
2026-03-15,44290.0,26550,50,7,9134,26082,0.0,0.0,0.4005418830435764,0.005474052988832932,0.0,0.14
2026-03-16,32010.0,18930,54,1,9636,25795,0.0,0.0,0.408622305529522,0.00560398505603985,0.0,0.018518518518518517
2026-03-17,34520.0,20690,47,5,9500,25740,0.0,0.0,0.40063731170336037,0.004947368421052632,0.0,0.10638297872340426
2026-03-18,35910.0,21400,49,4,9599,27617,0.0,0.0,0.4040657198551935,0.005104698406083967,0.0,0.08163265306122448
2026-03-19,50140.0,30220,57,2,9723,26983,0.0,0.0,0.39728759473474273,0.005862388151804999,0.0,0.03508771929824561
2026-03-20,43410.0,26020,57,4,9743,26300,0.0,0.0,0.40059894033632804,0.0058503541003797595,0.0,0.07017543859649122
2026-03-21,42080.0,25090,49,4,9463,26642,0.0,0.0,0.40375475285171103,0.005178061925393639,0.0,0.08163265306122448
2026-03-22,35070.0,20910,41,5,9808,27337,0.0,0.0,0.4037639007698888,0.0041802610114192494,0.0,0.12195121951219512
2026-03-23,32180.0,19050,47,6,9359,25751,0.0,0.0,0.4080174021131137,0.0050219040495779466,0.0,0.1276595744680851
2026-03-24,25370.0,15160,38,1,9397,26333,0.0,0.0,0.4024438312968073,0.004043843779929765,0.0,0.02631578947368421
2026-03-25,22800.0,13700,28,2,9969,26458,0.0,0.0,0.3991228070175439,0.00280870699167419,0.0,0.07142857142857142
2026-03-26,36350.0,21370,64,5,9202,26122,0.0,0.0,0.4121045392022008,0.006955009780482504,0.0,0.078125
2026-03-27,29410.0,17490,38,1,9485,26645,0.0,0.0,0.4053043182590955,0.0040063257775434895,0.0,0.02631578947368421
2026-03-28,52280.0,31190,67,7,9483,25761,0.0,0.0,0.40340474368783474,0.007065274702098492,0.0,0.1044776119402985
2026-03-29,50110.0,29920,65,8,9775,26572,0.0,0.0,0.4029135901017761,0.006649616368286445,0.0,0.12307692307692308
2026-03-30,35890.0,21610,40,1,9727,26984,0.0,0.0,0.3978824185009752,0.004112264829855042,0.0,0.025
2026-03-31,44330.0,27040,41,7,9417,24738,0.0,0.0,0.39002932551319647,0.004353828183073166,0.0,0.17073170731707318
2026-04-01,31700.0,19360,30,3,9561,27253,0.0,0.0,0.3892744479495268,0.0031377470975839346,0.0,0.1
2026-04-02,40320.0,23820,60,5,9500,25063,0.0,0.0,0.40922619047619047,0.00631578947368421,0.0,0.08333333333333333
2026-04-03,39920.0,23930,51,2,9536,26205,0.0,0.0,0.4005511022044088,0.0053481543624161075,0.0,0.0392156862745098
2026-04-04,37810.0,22500,46,3,9546,26343,0.0,0.0,0.40491933350965353,0.004818772260632726,0.0,0.06521739130434782
2026-04-05,51490.0,31270,55,4,9356,25428,0.0,0.0,0.3926976111866382,0.005878580589995725,0.0,0.07272727272727272
2026-04-06,21360.0,12350,41,2,9510,26720,0.0,0.0,0.42181647940074907,0.004311251314405889,0.0,0.04878048780487805
2026-04-07,43090.0,25900,49,4,9381,26646,0.0,0.0,0.39893246692968204,0.005223323739473404,0.0,0.08163265306122448
2026-04-08,26980.0,16030,32,4,9430,24733,0.0,0.0,0.40585618977020016,0.003393425238600212,0.0,0.125
2026-04-09,20980.0,12480,29,3,9584,28126,0.0,0.0,0.4051477597712107,0.0030258764607679466,0.0,0.10344827586206896
2026-04-10,34080.0,20320,43,1,9574,26854,0.0,0.0,0.40375586854460094,0.004491330687278044,0.0,0.023255813953488372
2026-04-11,35150.0,20790,55,2,9728,26132,0.0,0.0,0.4085348506401138,0.005653782894736842,0.0,0.03636363636363636
2026-04-12,36350.0,21430,58,3,9567,26029,0.0,0.0,0.41045392022008254,0.006062506532873419,0.0,0.05172413793103448
2026-04-13,38780.0,23120,57,4,9513,25698,0.0,0.0,0.4038164002062919,0.005991800693787449,0.0,0.07017543859649122
2026-04-14,33550.0,19890,45,6,9556,26948,0.0,0.0,0.4071535022354694,0.004709083298451234,0.0,0.13333333333333333
2026-04-15,55040.0,33270,56,2,9259,24524,0.0,0.0,0.39553052325581395,0.006048169348741765,0.0,0.03571428571428571
2026-04-16,28980.0,17120,44,5,9321,25188,0.0,0.0,0.40924775707384403,0.004720523548975432,0.0,0.11363636363636363
2026-04-17,28030.0,16430,46,4,9497,25489,0.0,0.0,0.4138423118087763,0.004843634832052227,0.0,0.08695652173913043
2026-04-18,36870.0,22010,53,4,9363,25786,0.0,0.0,0.4030377000271223,0.005660578874292428,0.0,0.07547169811320754
2026-04-19,31820.0,18790,49,5,9720,26262,0.0,0.0,0.4094908862350723,0.0050411522633744855,0.0,0.10204081632653061
2026-04-20,33610.0,19890,56,4,9639,26652,0.0,0.0,0.40821184171377567,0.005809731299927378,0.0,0.07142857142857142
2026-04-21,36520.0,21930,41,2,9652,26831,0.0,0.0,0.39950711938663747,0.004247824285122255,0.0,0.04878048780487805
2026-04-22,38360.0,22940,46,4,9403,25434,0.0,0.0,0.40198123044838374,0.0048920557268956714,0.0,0.08695652173913043
2026-04-23,31760.0,18770,45,4,9119,24121,0.0,0.0,0.4090050377833753,0.004934751617501919,0.0,0.08888888888888889
2026-04-24,35360.0,21080,48,5,9762,26770,0.0,0.0,0.40384615384615385,0.004917025199754148,0.0,0.10416666666666667
2026-04-25,32910.0,19260,56,4,10017,28542,0.0,0.0,0.41476754785779396,0.005590496156533892,0.0,0.07142857142857142
2026-04-26,25200.0,15060,40,2,9738,27586,0.0,0.0,0.4023809523809524,0.004107619634421853,0.0,0.05
2026-04-27,38130.0,22510,56,5,9587,27589,0.0,0.0,0.4096511932861264,0.005841243350370293,0.0,0.08928571428571429
2026-04-28,44030.0,26250,60,4,9373,26496,0.0,0.0,0.40381558028616854,0.006401365624666595,0.0,0.06666666666666667
2026-04-29,30910.0,18240,51,2,9394,26666,0.0,0.0,0.4098997088320932,0.005428997232275921,0.0,0.0392156862745098
2026-04-30,24080.0,13980,42,2,9274,25357,0.0,0.0,0.41943521594684385,0.004528790166055639,0.0,0.047619047619047616
2026-05-01,39360.0,23400,45,5,9631,26460,0.0,0.0,0.4054878048780488,0.0046724120029072785,0.0,0.1111111111111111
2026-05-02,37750.0,22250,57,7,9526,26117,0.0,0.0,0.4105960264900662,0.005983623766533697,0.0,0.12280701754385964
2026-05-03,33900.0,20120,44,6,9808,27066,0.0,0.0,0.40648967551622417,0.004486133768352365,0.0,0.13636363636363635
2026-05-04,34610.0,20340,56,2,9304,25894,0.0,0.0,0.4123085813348743,0.0060189165950128975,0.0,0.03571428571428571
2026-05-05,35360.0,21120,45,2,9357,24595,0.0,0.0,0.40271493212669685,0.0048092337287592175,0.0,0.044444444444444446
2026-05-06,37380.0,22060,55,2,9658,26148,0.0,0.0,0.40984483681112893,0.0056947608200455585,0.0,0.03636363636363636
2026-05-07,36240.0,21750,48,2,9282,25668,0.0,0.0,0.39983443708609273,0.005171299288946348,0.0,0.041666666666666664
2026-05-08,42310.0,25040,60,1,9795,26606,0.0,0.0,0.40817773575986765,0.006125574272588055,0.0,0.016666666666666666
2026-05-09,42640.0,25320,62,4,9675,27050,0.0,0.0,0.40619136960600377,0.006408268733850129,0.0,0.06451612903225806
2026-05-10,37290.0,22150,51,3,9925,25951,0.0,0.0,0.4060069723786538,0.005138539042821159,0.0,0.058823529411764705
2026-05-11,35600.0,21210,49,3,9980,27554,0.0,0.0,0.4042134831460674,0.004909819639278557,0.0,0.061224489795918366
2026-05-12,17430.0,10220,30,6,9508,26687,0.0,0.0,0.41365461847389556,0.003155237694572991,0.0,0.2
2026-05-13,29940.0,17630,51,2,9591,27238,0.0,0.0,0.4111556446225785,0.005317485142320926,0.0,0.0392156862745098
2026-05-14,26780.0,15950,37,2,9344,26182,0.0,0.0,0.4044062733383122,0.003959760273972603,0.0,0.05405405405405406
2026-05-15,18610.0,10870,34,5,9473,24825,0.0,0.0,0.415905427189683,0.0035891481051409267,0.0,0.14705882352941177
2026-05-16,47250.0,28080,66,5,9593,26372,0.0,0.0,0.4057142857142857,0.006880016678828312,0.0,0.07575757575757576
2026-05-17,36700.0,21670,54,5,9767,27646,0.0,0.0,0.4095367847411444,0.005528821541926896,0.0,0.09259259259259259
2026-05-18,22870.0,13540,39,2,9620,26108,0.0,0.0,0.4079580236117184,0.004054054054054054,0.0,0.05128205128205128
2026-05-19,40160.0,24150,51,2,9834,26552,0.0,0.0,0.39865537848605576,0.005186089078706529,0.0,0.0392156862745098
2026-05-20,42030.0,25130,54,4,9550,26322,0.0,0.0,0.40209374256483466,0.005654450261780105,0.0,0.07407407407407407
2026-05-21,53160.0,31730,71,9,9648,25911,0.0,0.0,0.4031226486079759,0.0073590381426202325,0.0,0.1267605633802817
2026-05-22,21400.0,12290,38,1,9314,26950,0.0,0.0,0.42570093457943925,0.0040798797509126045,0.0,0.02631578947368421
2026-05-23,41250.0,24350,59,2,9578,27387,0.0,0.0,0.40969696969696967,0.006159949885153477,0.0,0.03389830508474576
2026-05-24,42330.0,25020,60,5,9303,25838,0.0,0.0,0.408929836995039,0.0064495324089003546,0.0,0.08333333333333333
2026-05-25,26610.0,15790,36,0,9819,26889,0.0,0.0,0.4066140548665915,0.0036663611365719525,0.0,0.0
2026-05-26,32810.0,19260,50,4,9239,25411,0.0,0.0,0.41298384638829627,0.005411841108345059,0.0,0.08
2026-05-27,34410.0,20660,46,1,9485,24631,0.0,0.0,0.3995931415286254,0.004849762783342119,0.0,0.021739130434782608
2026-05-28,32990.0,19450,51,3,9319,27328,0.0,0.0,0.410427402243104,0.005472690202811461,0.0,0.058823529411764705
2026-05-29,31840.0,19090,44,2,9654,24802,0.0,0.0,0.4004396984924623,0.0045576962916925624,0.0,0.045454545454545456
2026-05-30,36380.0,21620,52,3,9528,27150,0.0,0.0,0.405717427157779,0.0054575986565911,0.0,0.057692307692307696
2026-05-31,52430.0,31630,61,3,9629,26709,0.0,0.0,0.3967194354377265,0.006335029598089106,0.0,0.04918032786885246
2026-06-01,37530.0,22410,53,2,9403,26065,0.0,0.0,0.4028776978417266,0.005636498989684143,0.0,0.03773584905660377
2026-06-02,39950.0,24030,51,5,9918,27031,0.0,0.0,0.39849812265331663,0.00514216575922565,0.0,0.09803921568627451
2026-06-03,40300.0,24280,48,6,10012,28746,0.0,0.0,0.3975186104218362,0.004794246903715541,0.0,0.125
2026-06-04,25090.0,14470,46,1,9695,26308,0.0,0.0,0.42327620565962537,0.004744713769984528,0.0,0.021739130434782608
2026-06-05,37770.0,22660,48,5,9325,24911,0.0,0.0,0.40005295207836905,0.00514745308310992,0.0,0.10416666666666667
2026-06-06,31610.0,18460,51,1,9433,26893,0.0,0.0,0.4160075925340082,0.005406551468249762,0.0,0.0196078431372549
2026-06-07,26500.0,16040,28,4,9701,26502,0.0,0.0,0.3947169811320755,0.0028863003814039788,0.0,0.14285714285714285
2026-06-08,33980.0,20490,39,2,9431,26407,0.0,0.0,0.3969982342554444,0.004135298483723889,0.0,0.05128205128205128
2026-06-09,41610.0,24800,51,7,9397,25023,0.0,0.0,0.4039894256188416,0.005427264020432053,0.0,0.13725490196078433
2026-06-10,35750.0,21210,52,1,9476,25233,0.0,0.0,0.4067132867132867,0.005487547488391726,0.0,0.019230769230769232
2026-06-11,28880.0,17290,45,4,9613,25670,0.0,0.0,0.40131578947368424,0.004681160927910121,0.0,0.08888888888888889
2026-06-12,33880.0,20260,48,1,9373,26360,0.0,0.0,0.4020070838252656,0.005121092499733276,0.0,0.020833333333333332
2026-06-13,29700.0,17400,55,0,9376,26334,0.0,0.0,0.41414141414141414,0.005866040955631399,0.0,0.0
2026-06-14,57880.0,34760,70,3,9492,26328,0.0,0.0,0.39944713199723564,0.007374631268436578,0.0,0.04285714285714286
2026-06-15,43990.0,26220,58,5,9375,25475,0.0,0.0,0.4039554444191862,0.006186666666666667,0.0,0.08620689655172414
2026-06-16,42420.0,25130,58,2,9580,25952,0.0,0.0,0.4075907590759076,0.0060542797494780795,0.0,0.034482758620689655
2026-06-17,42280.0,25440,53,5,9205,24828,0.0,0.0,0.39829706717123936,0.005757740358500815,0.0,0.09433962264150944
2026-06-18,37520.0,22400,47,6,9464,25993,0.0,0.0,0.40298507462686567,0.004966187658495351,0.0,0.1276595744680851
2026-06-19,43990.0,26320,57,8,9883,27609,0.0,0.0,0.40168220050011366,0.005767479510270161,0.0,0.14035087719298245
2026-06-20,25970.0,15200,43,2,9664,26447,0.0,0.0,0.41470927993839046,0.004449503311258278,0.0,0.046511627906976744
2026-06-21,25620.0,14720,44,6,9644,26276,0.0,0.0,0.42544886807181886,0.004562422231439237,0.0,0.13636363636363635
2026-06-22,31930.0,19090,43,6,9444,26097,0.0,0.0,0.4021296586282493,0.004553155442609064,0.0,0.13953488372093023
2026-06-23,48820.0,29270,56,5,9588,27587,0.0,0.0,0.40045063498566164,0.005840634125990822,0.0,0.08928571428571429
2026-06-24,32800.0,19710,39,3,9310,24041,0.0,0.0,0.39908536585365856,0.0041890440386680985,0.0,0.07692307692307693
2026-06-25,36880.0,21800,54,7,9382,27201,0.0,0.0,0.4088937093275488,0.005755702408868045,0.0,0.12962962962962962
2026-06-26,18250.0,10610,36,2,9409,25673,0.0,0.0,0.41863013698630136,0.0038261239239026465,0.0,0.05555555555555555
2026-06-27,35730.0,21150,50,6,9587,26489,0.0,0.0,0.4080604534005038,0.005215395848544905,0.0,0.12
2026-06-28,40310.0,24030,54,4,9535,27162,0.0,0.0,0.403870007442322,0.005663345568956476,0.0,0.07407407407407407
2026-06-29,29420.0,17530,39,1,9734,27054,0.0,0.0,0.40414683888511216,0.004006574892130676,0.0,0.02564102564102564
2026-06-30,50760.0,30300,63,3,9598,22923,0.0,0.0,0.4030732860520095,0.006563867472390081,0.0,0.047619047619047616
2026-07-01,26270.0,15260,48,6,9582,25825,0.0,0.0,0.4191092500951656,0.005009392611145898,0.0,0.125
2026-07-02,40250.0,24100,53,4,9584,26529,0.0,0.0,0.4012422360248447,0.005530050083472454,0.0,0.07547169811320754
2026-07-03,23600.0,13990,38,2,9592,26420,0.0,0.0,0.40720338983050847,0.00396163469557965,0.0,0.05263157894736842
2026-07-04,45320.0,27450,49,2,9474,25540,0.0,0.0,0.3943071491615181,0.005172049820561537,0.0,0.04081632653061224
2026-07-05,45970.0,27420,62,4,9626,25868,0.0,0.0,0.4035240374157059,0.006440889258258882,0.0,0.06451612903225806
2026-07-06,26860.0,15600,52,5,9520,25523,0.0,0.0,0.41921072226358896,0.0054621848739495795,0.0,0.09615384615384616
2026-07-07,37190.0,21960,55,4,9383,25718,0.0,0.0,0.4095186878193063,0.005861664712778429,0.0,0.07272727272727272
2026-07-08,13080.0,7580,26,1,9520,25579,0.0,0.0,0.42048929663608564,0.0027310924369747898,0.0,0.038461538461538464
2026-07-09,33690.0,19930,50,4,9602,25518,0.0,0.0,0.40842980112793115,0.005207248489897938,0.0,0.08
2026-07-10,34680.0,20840,43,2,9660,26714,0.0,0.0,0.3990772779700115,0.004451345755693582,0.0,0.046511627906976744
2026-07-11,27310.0,16440,33,2,9583,25982,0.0,0.0,0.39802270230684733,0.0034435980381926326,0.0,0.06060606060606061
2026-07-12,42500.0,25270,59,5,9810,25845,0.0,0.0,0.40541176470588236,0.006014271151885831,0.0,0.0847457627118644
2026-07-13,43860.0,25740,63,9,9236,24712,0.0,0.0,0.4131326949384405,0.00682113469034214,0.0,0.14285714285714285
2026-07-14,19930.0,11580,36,1,9651,26502,0.0,0.0,0.4189663823381836,0.003730183400683867,0.0,0.027777777777777776
2026-07-15,30480.0,18080,46,1,9351,25419,0.0,0.0,0.4068241469816273,0.004919259972195487,0.0,0.021739130434782608
2026-07-16,47560.0,28920,48,5,9591,25725,0.0,0.0,0.3919259882253995,0.005004691898654989,0.0,0.10416666666666667
2026-07-17,26540.0,15630,40,4,9728,26184,0.0,0.0,0.4110776186887717,0.004111842105263158,0.0,0.1
2026-07-18,41090.0,24520,60,4,9492,27372,0.0,0.0,0.4032611340958871,0.006321112515802781,0.0,0.06666666666666667
2026-07-19,34310.0,20750,38,2,9592,26750,0.0,0.0,0.3952200524628388,0.00396163469557965,0.0,0.05263157894736842
2026-07-20,40890.0,24450,56,4,9598,26973,0.0,0.0,0.4020542920029347,0.005834548864346739,0.0,0.07142857142857142
2026-07-21,42030.0,25260,57,5,9771,26293,0.0,0.0,0.39900071377587437,0.005833589192508443,0.0,0.08771929824561403
2026-07-22,27320.0,16050,42,1,9954,28016,0.0,0.0,0.4125183016105417,0.004219409282700422,0.0,0.023809523809523808
2026-07-23,42490.0,25540,49,5,9801,26116,0.0,0.0,0.3989173923276065,0.004999489847974697,0.0,0.10204081632653061
2026-07-24,46980.0,27860,64,3,9818,26372,0.0,0.0,0.4069816943380162,0.00651863923405989,0.0,0.046875
2026-07-25,42030.0,25490,39,2,9527,26249,0.0,0.0,0.3935284320723293,0.004093628634407474,0.0,0.05128205128205128
2026-07-26,55420.0,33730,56,6,9703,26293,0.0,0.0,0.39137495488993146,0.005771410903844172,0.0,0.10714285714285714
2026-07-27,42340.0,25220,61,7,9880,27738,0.0,0.0,0.4043457723193198,0.006174089068825911,0.0,0.11475409836065574
2026-07-28,43210.0,25600,60,8,9651,25624,0.0,0.0,0.40754454987271466,0.006216972334473112,0.0,0.13333333333333333
2026-07-29,50080.0,29860,65,2,9891,28232,0.0,0.0,0.4037539936102236,0.006571630775452432,0.0,0.03076923076923077
2026-07-30,35790.0,21380,47,1,9619,25426,0.0,0.0,0.4026264319642358,0.004886162802786152,0.0,0.02127659574468085
2026-07-31,33470.0,19430,61,4,9693,25703,0.0,0.0,0.4194801314610099,0.006293201279273702,0.0,0.06557377049180328
2026-08-01,41850.0,24740,61,6,9653,25273,0.0,0.0,0.40884109916367983,0.006319278980627784,0.0,0.09836065573770492
2026-08-02,37060.0,22200,47,5,9551,26398,0.0,0.0,0.4009713977334053,0.004920950685792064,0.0,0.10638297872340426
2026-08-03,48040.0,28880,57,4,9625,25368,0.0,0.0,0.398834304746045,0.005922077922077922,0.0,0.07017543859649122
2026-08-04,37100.0,22200,45,3,10059,28572,0.0,0.0,0.40161725067385445,0.0044736057262153295,0.0,0.06666666666666667
2026-08-05,21570.0,12620,34,4,9223,25190,0.0,0.0,0.41492814093648583,0.003686436083703784,0.0,0.11764705882352941
2026-08-06,30010.0,17950,37,3,9671,26324,0.0,0.0,0.4018660446517827,0.0038258711612035984,0.0,0.08108108108108109
2026-08-07,30470.0,18160,46,8,9536,26959,0.0,0.0,0.40400393829996717,0.004823825503355705,0.0,0.17391304347826086
2026-08-08,34420.0,20480,47,5,9301,24762,0.0,0.0,0.40499709471237655,0.00505322008386195,0.0,0.10638297872340426
2026-08-09,35740.0,20850,56,7,9423,25075,0.0,0.0,0.4166200335758254,0.005942905656372705,0.0,0.125
2026-08-10,28090.0,16590,43,4,9717,25142,0.0,0.0,0.40939836240655036,0.004425234125758979,0.0,0.09302325581395349
2026-08-11,22750.0,13410,37,7,9556,26792,0.0,0.0,0.4105494505494505,0.0038719129342821264,0.0,0.1891891891891892
2026-08-12,51440.0,30810,61,4,9744,27594,0.0,0.0,0.401049766718507,0.006260262725779967,0.0,0.06557377049180328
2026-08-13,24820.0,14630,39,2,9776,27557,0.0,0.0,0.41055600322320707,0.003989361702127659,0.0,0.05128205128205128
2026-08-14,28560.0,16900,39,5,9824,26955,0.0,0.0,0.40826330532212884,0.003969869706840391,0.0,0.1282051282051282
2026-08-15,39460.0,23350,64,5,9686,26906,0.0,0.0,0.40826153066396353,0.006607474705760892,0.0,0.078125
2026-08-16,43700.0,26240,53,4,9538,25654,0.0,0.0,0.39954233409610984,0.005556720486475152,0.0,0.07547169811320754
2026-08-17,26940.0,15800,42,0,9763,27361,0.0,0.0,0.4135115070527097,0.004301956365871146,0.0,0.0
2026-08-18,15390.0,8830,39,3,9456,25738,0.0,0.0,0.4262508122157245,0.004124365482233503,0.0,0.07692307692307693
2026-08-19,39310.0,23620,55,6,9564,26246,0.0,0.0,0.3991350801322819,0.00575073191133417,0.0,0.10909090909090909
2026-08-20,24660.0,14200,51,3,9752,26155,0.0,0.0,0.42416869424168696,0.005229696472518457,0.0,0.058823529411764705
2026-08-21,33790.0,20230,56,5,9412,26104,0.0,0.0,0.40130216040248595,0.005949851253718657,0.0,0.08928571428571429
2026-08-22,27190.0,16060,50,3,9452,26771,0.0,0.0,0.4093416697315189,0.005289885738468049,0.0,0.06
2026-08-23,24570.0,14270,54,6,9669,26747,0.0,0.0,0.4192104192104192,0.005584858827179647,0.0,0.1111111111111111
2026-08-24,31830.0,18890,51,3,9632,25351,0.0,0.0,0.40653471567703425,0.00529485049833887,0.0,0.058823529411764705
2026-08-25,34850.0,21150,43,3,9827,26220,0.0,0.0,0.3931133428981349,0.004375699603134222,0.0,0.06976744186046512
2026-08-26,35560.0,21020,62,6,9193,26112,0.0,0.0,0.40888638920134984,0.006744261938431416,0.0,0.0967741935483871
2026-08-27,33200.0,19950,48,4,9372,26234,0.0,0.0,0.3990963855421687,0.005121638924455826,0.0,0.08333333333333333
2026-08-28,37090.0,22100,62,8,9550,26079,0.0,0.0,0.4041520625505527,0.006492146596858639,0.0,0.12903225806451613
2026-08-29,41940.0,25420,52,3,9689,27264,0.0,0.0,0.3938960419647115,0.0053669109299205285,0.0,0.057692307692307696
2026-08-30,38750.0,23500,47,2,9477,26051,0.0,0.0,0.3935483870967742,0.0049593753297457,0.0,0.0425531914893617
2026-08-31,25340.0,14980,42,7,9550,26442,0.0,0.0,0.4088397790055249,0.004397905759162304,0.0,0.16666666666666666
2026-09-01,28170.0,16510,50,6,408,1039,0.0,0.0,0.4139155129570465,0.12254901960784313,0.0,0.12
